CUST_ID,cluster
C10001,6
C10002,0
C10003,2
C10004,6
C10005,6
C10006,2
C10007,5
C10008,2
C10009,6
C10010,6
C10011,2
C10012,6
C10013,2
C10014,2
C10015,6
C10016,0
C10017,4
C10018,6
C10019,2
C10020,3
C10021,3
C10022,5
C10023,2
C10024,0
C10025,6
C10026,2
C10027,6
C10028,2
C10029,0
C10030,6
C10031,0
C10032,2
C10033,0
C10034,2
C10035,3
C10036,6
C10037,0
C10038,2
C10039,0
C10040,0
C10041,6
C10043,2
C10044,6
C10045,6
C10046,2
C10047,6
C10048,4
C10049,6
C10050,1
C10051,6
C10052,0
C10053,2
C10054,6
C10055,4
C10056,6
C10057,6
C10058,6
C10059,2
C10060,6
C10061,6
C10062,6
C10063,6
C10064,0
C10065,6
C10067,2
C10068,6
C10069,4
C10070,6
C10071,2
C10072,6
C10073,2
C10074,0
C10075,4
C10077,6
C10078,6
C10079,2
C10080,2
C10081,2
C10082,6
C10083,0
C10084,2
C10085,6
C10086,1
C10087,1
C10088,2
C10089,1
C10090,0
C10092,0
C10093,6
C10094,0
C10095,5
C10096,0
C10097,6
C10098,6
C10099,6
C10100,6
C10101,2
C10102,6
C10103,1
C10104,4
C10105,4
C10106,2
C10107,2
C10108,2
C10109,6
C10110,6
C10111,2
C10112,0
C10113,2
C10114,0
C10115,2
C10116,6
C10117,2
C10118,0
C10119,1
C10120,2
C10121,1
C10122,6
C10123,1
C10124,6
C10125,5
C10126,6
C10127,2
C10128,6
C10130,0
C10131,5
C10132,4
C10133,2
C10134,0
C10135,6
C10136,6
C10137,2
C10138,6
C10139,0
C10140,2
C10141,6
C10142,2
C10143,2
C10144,5
C10145,2
C10146,6
C10147,6
C10148,0
C10149,0
C10150,5
C10151,6
C10152,2
C10153,6
C10154,2
C10155,2
C10156,3
C10157,2
C10158,1
C10159,5
C10160,1
C10161,1
C10162,0
C10163,6
C10164,5
C10165,6
C10166,6
C10167,6
C10168,2
C10169,6
C10170,4
C10171,6
C10172,2
C10173,1
C10174,2
C10175,2
C10176,4
C10177,5
C10178,6
C10179,4
C10180,5
C10181,6
C10182,2
C10183,0
C10184,1
C10185,6
C10186,2
C10187,6
C10188,0
C10189,6
C10190,2
C10191,2
C10192,6
C10193,2
C10194,6
C10196,6
C10197,6
C10198,6
C10199,6
C10200,2
C10201,6
C10202,2
C10203,1
C10204,1
C10205,6
C10206,0
C10207,6
C10208,6
C10209,1
C10211,0
C10212,5
C10213,6
C10214,6
C10215,0
C10216,0
C10217,6
C10218,0
C10219,2
C10220,6
C10221,2
C10222,6
C10223,6
C10224,2
C10226,6
C10227,0
C10228,2
C10229,5
C10230,2
C10231,4
C10232,2
C10233,5
C10234,6
C10235,2
C10236,2
C10237,4
C10238,5
C10239,2
C10240,2
C10241,2
C10242,6
C10243,2
C10244,2
C10245,0
C10246,6
C10247,6
C10248,6
C10249,0
C10250,1
C10251,5
C10252,6
C10253,2
C10254,6
C10255,2
C10256,2
C10257,0
C10258,2
C10259,6
C10260,2
C10261,6
C10262,1
C10263,6
C10265,6
C10266,6
C10267,2
C10269,2
C10270,6
C10271,6
C10272,2
C10273,5
C10274,5
C10275,6
C10276,2
C10277,2
C10278,2
C10279,6
C10280,5
C10281,1
C10282,6
C10283,1
C10284,5
C10285,0
C10286,6
C10287,6
C10288,6
C10289,1
C10290,2
C10291,2
C10292,2
C10293,2
C10294,2
C10295,6
C10296,0
C10297,6
C10298,6
C10299,1
C10300,6
C10301,1
C10302,0
C10303,6
C10304,6
C10305,2
C10306,1
C10307,6
C10308,0
C10309,2
C10310,1
C10311,6
C10312,2
C10313,6
C10314,2
C10315,0
C10316,1
C10317,1
C10318,1
C10319,6
C10320,2
C10321,1
C10322,2
C10323,2
C10324,6
C10325,6
C10326,6
C10327,4
C10328,2
C10329,2
C10330,2
C10331,0
C10332,0
C10333,0
C10334,6
C10335,0
C10336,2
C10337,2
C10338,2
C10339,6
C10340,1
C10341,6
C10342,1
C10343,2
C10344,1
C10345,0
C10346,0
C10347,6
C10348,1
C10349,1
C10350,2
C10351,6
C10352,0
C10353,6
C10354,6
C10355,1
C10356,6
C10357,2
C10358,2
C10359,0
C10360,1
C10361,6
C10362,2
C10364,0
C10365,6
C10366,6
C10367,2
C10368,1
C10369,0
C10370,6
C10371,6
C10372,2
C10373,6
C10374,4
C10375,0
C10376,6
C10377,2
C10378,6
C10379,2
C10380,0
C10381,0
C10382,1
C10383,2
C10384,6
C10385,2
C10386,2
C10387,6
C10388,5
C10389,1
C10390,6
C10391,6
C10392,0
C10393,6
C10395,6
C10396,6
C10397,1
C10398,6
C10399,6
C10400,3
C10402,1
C10403,6
C10404,6
C10405,2
C10406,6
C10407,5
C10408,6
C10409,6
C10410,2
C10411,4
C10412,0
C10413,2
C10414,2
C10415,2
C10416,0
C10417,2
C10419,0
C10420,2
C10421,6
C10422,6
C10423,6
C10424,1
C10425,6
C10426,2
C10427,4
C10428,0
C10429,2
C10430,5
C10431,0
C10432,2
C10433,1
C10434,2
C10435,2
C10436,6
C10437,6
C10438,5
C10439,2
C10441,6
C10442,6
C10443,6
C10444,0
C10445,0
C10446,0
C10447,0
C10448,6
C10449,6
C10450,6
C10451,0
C10452,2
C10453,2
C10454,6
C10455,2
C10456,6
C10457,0
C10458,6
C10459,2
C10460,2
C10461,2
C10462,2
C10463,6
C10466,6
C10467,1
C10468,2
C10469,2
C10470,2
C10471,0
C10472,4
C10473,1
C10474,1
C10475,2
C10476,6
C10477,1
C10478,2
C10480,2
C10481,2
C10482,2
C10483,6
C10484,0
C10485,2
C10486,2
C10487,5
C10488,6
C10489,0
C10490,6
C10491,2
C10492,6
C10493,6
C10494,6
C10495,2
C10497,5
C10498,6
C10501,6
C10502,1
C10503,2
C10504,0
C10505,6
C10506,1
C10507,5
C10508,0
C10509,1
C10510,0
C10511,1
C10512,2
C10513,0
C10514,5
C10515,6
C10516,2
C10517,0
C10518,6
C10519,6
C10520,1
C10521,2
C10522,2
C10523,5
C10524,1
C10525,2
C10526,2
C10527,1
C10528,2
C10529,5
C10530,6
C10532,2
C10533,1
C10534,5
C10535,0
C10536,2
C10537,2
C10538,1
C10539,6
C10540,6
C10542,1
C10543,3
C10544,0
C10545,2
C10546,6
C10547,2
C10548,2
C10549,6
C10550,0
C10551,0
C10552,2
C10553,2
C10554,2
C10555,2
C10556,6
C10557,2
C10558,2
C10559,6
C10560,5
C10561,0
C10562,6
C10563,0
C10564,2
C10565,1
C10566,0
C10567,4
C10568,5
C10569,2
C10570,1
C10571,2
C10572,1
C10573,4
C10574,5
C10575,2
C10576,0
C10577,2
C10578,0
C10579,2
C10580,6
C10581,0
C10582,0
C10583,6
C10584,5
C10585,6
C10586,6
C10587,5
C10588,6
C10589,5
C10590,1
C10591,3
C10592,6
C10593,0
C10594,6
C10595,6
C10596,6
C10597,6
C10598,5
C10599,6
C10600,0
C10601,0
C10602,6
C10603,6
C10604,6
C10605,1
C10606,0
C10607,6
C10608,5
C10609,5
C10610,6
C10611,5
C10612,6
C10613,0
C10615,2
C10616,5
C10617,6
C10618,6
C10619,6
C10620,6
C10621,6
C10622,2
C10623,2
C10624,6
C10625,0
C10626,6
C10627,0
C10628,2
C10629,2
C10630,1
C10631,0
C10632,1
C10633,0
C10634,2
C10635,0
C10636,6
C10637,1
C10638,2
C10639,6
C10640,0
C10641,5
C10642,2
C10643,6
C10644,5
C10645,5
C10646,6
C10647,5
C10648,2
C10649,5
C10650,2
C10651,2
C10652,2
C10653,2
C10654,5
C10655,2
C10656,6
C10657,6
C10658,2
C10659,0
C10660,6
C10661,6
C10662,0
C10663,6
C10665,1
C10666,2
C10667,0
C10668,1
C10669,5
C10670,5
C10671,5
C10672,0
C10673,2
C10674,0
C10675,6
C10676,4
C10677,2
C10678,5
C10679,1
C10680,6
C10681,5
C10682,1
C10683,6
C10684,5
C10685,6
C10686,6
C10688,1
C10689,2
C10690,6
C10691,2
C10692,2
C10693,3
C10694,4
C10695,1
C10696,5
C10697,6
C10698,6
C10699,2
C10700,2
C10701,0
C10702,2
C10703,6
C10704,5
C10705,6
C10706,0
C10707,6
C10708,0
C10709,2
C10710,2
C10711,2
C10712,6
C10713,2
C10714,4
C10715,2
C10716,1
C10717,1
C10718,2
C10719,4
C10720,2
C10721,6
C10722,2
C10723,0
C10724,3
C10725,1
C10726,2
C10727,6
C10728,4
C10729,6
C10730,6
C10731,2
C10732,6
C10733,6
C10734,6
C10735,5
C10736,5
C10737,0
C10738,6
C10739,2
C10740,2
C10741,4
C10742,2
C10743,0
C10744,6
C10745,6
C10746,6
C10747,6
C10748,6
C10749,6
C10750,0
C10751,6
C10752,5
C10753,5
C10754,6
C10755,2
C10756,1
C10757,6
C10758,6
C10759,6
C10760,5
C10761,2
C10762,0
C10763,6
C10764,6
C10765,6
C10766,0
C10767,4
C10768,1
C10769,6
C10770,0
C10771,4
C10772,2
C10773,6
C10774,6
C10775,2
C10776,2
C10777,4
C10779,2
C10780,0
C10781,4
C10782,6
C10783,0
C10784,2
C10785,6
C10786,2
C10787,2
C10788,0
C10789,1
C10790,0
C10791,0
C10792,6
C10793,6
C10794,6
C10795,6
C10796,0
C10797,2
C10798,6
C10799,1
C10800,6
C10801,2
C10803,6
C10804,4
C10805,5
C10806,2
C10807,6
C10808,2
C10809,0
C10810,6
C10811,2
C10812,2
C10813,1
C10814,2
C10815,0
C10816,4
C10817,6
C10818,0
C10819,2
C10820,1
C10821,6
C10822,6
C10823,6
C10824,2
C10825,6
C10826,1
C10827,2
C10828,1
C10829,3
C10830,5
C10831,6
C10832,0
C10833,2
C10834,6
C10835,2
C10836,1
C10837,6
C10838,2
C10839,0
C10840,2
C10841,0
C10843,6
C10844,6
C10845,6
C10846,2
C10847,6
C10848,2
C10849,6
C10850,6
C10852,6
C10853,6
C10854,6
C10855,1
C10856,6
C10857,0
C10858,2
C10859,2
C10860,0
C10861,6
C10862,6
C10863,6
C10864,6
C10865,2
C10866,2
C10867,2
C10868,1
C10869,2
C10870,6
C10871,2
C10872,0
C10873,0
C10874,0
C10875,0
C10876,0
C10877,6
C10878,1
C10879,6
C10880,6
C10881,6
C10882,0
C10883,6
C10884,0
C10885,5
C10886,6
C10887,2
C10888,2
C10889,6
C10890,2
C10891,6
C10892,2
C10893,2
C10894,2
C10895,2
C10896,6
C10897,0
C10898,6
C10899,6
C10900,6
C10901,0
C10902,2
C10903,6
C10904,6
C10905,2
C10906,6
C10907,1
C10908,6
C10909,0
C10910,4
C10911,6
C10912,1
C10913,0
C10914,0
C10915,2
C10916,6
C10917,5
C10918,1
C10919,2
C10920,1
C10921,2
C10922,2
C10923,6
C10924,0
C10925,2
C10926,1
C10927,2
C10928,4
C10929,0
C10930,2
C10931,6
C10932,6
C10933,0
C10934,0
C10935,6
C10936,2
C10937,6
C10939,6
C10940,6
C10941,0
C10942,0
C10943,1
C10944,2
C10945,2
C10946,2
C10947,6
C10949,5
C10950,2
C10951,6
C10952,1
C10953,6
C10954,2
C10955,0
C10956,2
C10957,0
C10958,1
C10959,1
C10960,6
C10961,0
C10962,6
C10963,6
C10965,2
C10966,2
C10967,6
C10968,2
C10969,6
C10970,2
C10971,6
C10972,5
C10973,0
C10974,6
C10975,5
C10976,0
C10977,6
C10978,2
C10979,6
C10980,4
C10981,6
C10982,6
C10983,2
C10984,2
C10985,2
C10986,2
C10987,6
C10988,2
C10989,6
C10990,6
C10991,6
C10992,6
C10993,6
C10994,2
C10995,6
C10996,0
C10997,2
C10998,1
C10999,2
C11000,2
C11001,1
C11002,6
C11003,6
C11004,5
C11005,2
C11006,6
C11007,0
C11008,6
C11009,2
C11010,2
C11011,0
C11012,6
C11013,2
C11014,6
C11015,2
C11016,1
C11017,6
C11018,0
C11019,2
C11020,6
C11021,6
C11022,1
C11023,0
C11024,2
C11025,2
C11026,6
C11027,2
C11028,2
C11029,6
C11030,2
C11031,6
C11032,2
C11033,2
C11034,6
C11035,6
C11036,6
C11038,6
C11039,6
C11040,1
C11041,1
C11042,0
C11043,2
C11044,4
C11045,2
C11046,6
C11047,0
C11048,6
C11049,6
C11050,2
C11051,3
C11052,4
C11053,2
C11054,1
C11055,6
C11056,6
C11057,2
C11058,1
C11059,6
C11060,2
C11061,6
C11062,3
C11063,6
C11064,0
C11065,0
C11066,1
C11067,0
C11068,2
C11069,6
C11070,0
C11071,6
C11072,0
C11073,2
C11074,6
C11075,4
C11076,6
C11077,6
C11078,1
C11079,4
C11080,2
C11081,6
C11082,2
C11083,6
C11084,6
C11085,6
C11086,6
C11087,1
C11088,2
C11089,2
C11090,2
C11091,2
C11092,2
C11093,1
C11094,0
C11095,6
C11096,1
C11097,2
C11098,0
C11099,6
C11100,6
C11101,6
C11102,6
C11103,0
C11104,6
C11105,6
C11106,1
C11107,4
C11108,6
C11109,1
C11110,6
C11111,0
C11112,6
C11113,6
C11114,2
C11115,6
C11116,2
C11117,6
C11118,6
C11119,2
C11120,6
C11121,0
C11122,2
C11123,6
C11124,0
C11125,1
C11126,0
C11128,1
C11129,2
C11130,6
C11131,2
C11132,0
C11133,6
C11134,2
C11135,6
C11136,0
C11137,1
C11138,2
C11139,2
C11140,6
C11141,6
C11142,6
C11143,2
C11145,6
C11146,2
C11148,0
C11149,2
C11150,6
C11151,6
C11152,0
C11153,6
C11154,1
C11155,6
C11156,1
C11157,6
C11158,6
C11159,6
C11161,4
C11162,6
C11163,6
C11164,2
C11165,2
C11166,6
C11167,1
C11169,6
C11170,3
C11171,6
C11172,6
C11173,6
C11174,6
C11175,2
C11176,6
C11177,2
C11178,2
C11179,2
C11180,6
C11181,6
C11182,2
C11184,6
C11185,6
C11186,0
C11187,6
C11188,0
C11189,2
C11190,2
C11192,5
C11193,2
C11195,2
C11196,1
C11197,6
C11198,6
C11199,1
C11200,6
C11201,2
C11202,2
C11203,2
C11204,2
C11205,6
C11206,0
C11207,6
C11208,1
C11209,6
C11210,4
C11211,6
C11212,2
C11213,6
C11214,6
C11215,6
C11216,6
C11217,6
C11219,6
C11220,1
C11221,1
C11222,6
C11223,6
C11224,6
C11225,6
C11226,6
C11227,1
C11228,2
C11229,2
C11230,6
C11231,2
C11232,6
C11233,6
C11234,5
C11235,4
C11236,1
C11237,1
C11238,6
C11239,0
C11240,2
C11241,2
C11242,1
C11243,2
C11244,2
C11245,1
C11246,2
C11247,1
C11248,6
C11249,2
C11250,2
C11251,6
C11252,0
C11253,6
C11254,6
C11255,0
C11256,1
C11257,1
C11258,2
C11259,6
C11260,2
C11261,0
C11262,5
C11263,1
C11264,1
C11265,1
C11266,1
C11267,6
C11268,1
C11269,0
C11270,1
C11271,6
C11272,6
C11273,0
C11274,2
C11275,6
C11276,2
C11277,6
C11278,1
C11279,6
C11280,0
C11281,6
C11282,6
C11283,6
C11284,1
C11285,2
C11286,2
C11287,4
C11288,6
C11289,6
C11290,1
C11291,2
C11292,2
C11293,0
C11294,1
C11295,4
C11296,6
C11297,6
C11298,6
C11299,2
C11300,5
C11301,1
C11302,2
C11303,6
C11304,4
C11305,6
C11306,6
C11307,1
C11308,0
C11309,2
C11310,1
C11311,6
C11312,2
C11313,2
C11314,2
C11315,1
C11316,1
C11317,6
C11318,2
C11319,2
C11320,6
C11321,2
C11322,6
C11323,1
C11324,6
C11325,2
C11326,0
C11327,6
C11328,6
C11329,2
C11330,1
C11331,1
C11332,2
C11334,6
C11335,2
C11336,6
C11337,1
C11338,2
C11339,6
C11340,6
C11341,2
C11342,2
C11343,6
C11344,6
C11345,0
C11346,4
C11347,5
C11348,6
C11349,1
C11350,2
C11351,2
C11352,0
C11353,1
C11354,6
C11355,6
C11356,2
C11357,1
C11358,6
C11359,2
C11360,0
C11361,6
C11362,6
C11363,2
C11364,6
C11365,6
C11366,2
C11367,2
C11368,6
C11369,1
C11370,2
C11371,2
C11372,6
C11373,6
C11374,2
C11375,0
C11376,2
C11377,0
C11378,0
C11379,4
C11380,0
C11381,6
C11382,6
C11383,1
C11384,1
C11385,1
C11386,0
C11387,2
C11388,2
C11389,6
C11390,0
C11391,2
C11392,6
C11394,0
C11395,2
C11396,0
C11397,1
C11398,2
C11399,6
C11400,6
C11401,4
C11402,4
C11403,2
C11404,1
C11405,0
C11406,2
C11407,1
C11408,2
C11409,6
C11410,6
C11411,0
C11412,2
C11413,0
C11414,2
C11415,1
C11416,2
C11417,2
C11418,6
C11419,5
C11420,2
C11421,1
C11422,6
C11423,1
C11424,6
C11425,6
C11426,2
C11427,2
C11428,2
C11429,6
C11430,2
C11431,4
C11432,6
C11433,0
C11434,6
C11435,6
C11436,1
C11437,6
C11438,6
C11439,6
C11440,6
C11441,2
C11442,2
C11443,6
C11444,2
C11445,1
C11446,6
C11447,2
C11448,6
C11449,2
C11450,2
C11451,1
C11452,2
C11453,6
C11454,6
C11455,2
C11456,0
C11457,2
C11458,5
C11459,6
C11460,6
C11461,2
C11463,2
C11464,1
C11466,6
C11467,6
C11468,1
C11469,6
C11470,2
C11471,5
C11472,0
C11473,6
C11474,6
C11475,2
C11476,6
C11477,6
C11478,2
C11479,1
C11480,2
C11481,5
C11482,0
C11483,0
C11484,2
C11485,2
C11486,4
C11487,2
C11488,2
C11489,6
C11490,0
C11491,2
C11492,5
C11493,2
C11494,2
C11495,5
C11496,2
C11497,6
C11498,0
C11499,0
C11500,2
C11501,0
C11502,5
C11503,1
C11504,6
C11505,1
C11506,1
C11507,2
C11508,1
C11509,6
C11510,0
C11511,1
C11512,6
C11513,2
C11514,5
C11515,6
C11516,2
C11517,6
C11518,1
C11519,1
C11520,1
C11522,2
C11523,2
C11524,0
C11526,6
C11527,2
C11528,2
C11529,2
C11530,6
C11531,0
C11532,2
C11533,2
C11534,1
C11536,6
C11537,0
C11538,0
C11539,6
C11540,0
C11541,5
C11542,0
C11543,6
C11544,6
C11545,1
C11546,6
C11547,2
C11548,1
C11549,2
C11550,2
C11551,6
C11552,1
C11553,2
C11554,2
C11555,6
C11556,0
C11557,6
C11558,2
C11559,6
C11560,6
C11561,2
C11562,6
C11563,6
C11564,6
C11565,1
C11566,2
C11567,6
C11568,0
C11569,0
C11570,2
C11571,2
C11572,4
C11573,2
C11574,1
C11575,1
C11576,4
C11577,2
C11578,2
C11579,6
C11580,6
C11581,6
C11582,6
C11583,2
C11585,2
C11586,1
C11587,6
C11588,0
C11589,6
C11590,6
C11591,2
C11592,6
C11593,2
C11594,6
C11595,1
C11596,6
C11597,2
C11598,6
C11599,0
C11600,6
C11601,2
C11602,6
C11603,0
C11604,2
C11605,1
C11606,2
C11607,2
C11608,2
C11609,2
C11610,6
C11611,2
C11612,5
C11613,6
C11614,0
C11615,6
C11616,6
C11617,1
C11618,2
C11619,1
C11621,2
C11622,5
C11623,6
C11624,6
C11625,5
C11626,2
C11627,6
C11628,2
C11629,6
C11630,2
C11631,0
C11632,6
C11633,6
C11634,6
C11635,5
C11636,6
C11637,6
C11638,5
C11639,1
C11640,6
C11641,1
C11642,6
C11643,1
C11644,2
C11645,2
C11646,1
C11647,6
C11648,2
C11649,2
C11650,2
C11651,1
C11652,6
C11653,6
C11654,2
C11655,6
C11656,2
C11657,5
C11658,2
C11659,1
C11660,2
C11661,6
C11662,1
C11663,2
C11664,1
C11666,6
C11667,6
C11668,2
C11669,2
C11670,5
C11671,2
C11672,2
C11673,1
C11674,1
C11675,6
C11676,2
C11677,2
C11678,2
C11679,6
C11680,0
C11681,6
C11682,2
C11683,0
C11684,6
C11685,0
C11686,6
C11687,0
C11688,1
C11689,6
C11690,6
C11691,6
C11692,1
C11693,2
C11694,6
C11695,5
C11696,1
C11697,6
C11698,2
C11699,6
C11700,0
C11701,2
C11702,6
C11703,1
C11704,2
C11705,6
C11706,0
C11707,2
C11708,1
C11709,6
C11710,2
C11711,2
C11712,1
C11713,6
C11714,0
C11715,5
C11716,6
C11717,1
C11718,1
C11719,6
C11720,1
C11721,5
C11722,6
C11723,4
C11724,2
C11725,6
C11726,4
C11728,2
C11729,2
C11730,0
C11731,3
C11732,2
C11733,1
C11734,6
C11735,0
C11736,2
C11737,6
C11738,3
C11739,2
C11740,1
C11741,6
C11742,1
C11743,0
C11744,0
C11745,0
C11746,6
C11747,6
C11749,6
C11750,6
C11751,6
C11752,3
C11753,5
C11754,6
C11755,6
C11756,6
C11757,6
C11758,2
C11759,2
C11760,2
C11761,6
C11762,0
C11763,1
C11764,2
C11765,5
C11766,0
C11767,1
C11768,6
C11769,6
C11770,2
C11771,2
C11773,2
C11774,2
C11775,0
C11776,1
C11777,2
C11778,2
C11779,2
C11780,1
C11781,6
C11782,4
C11784,6
C11785,2
C11786,2
C11787,1
C11788,6
C11789,6
C11790,6
C11791,6
C11792,1
C11794,6
C11795,6
C11796,6
C11797,2
C11798,2
C11799,6
C11800,0
C11801,2
C11802,6
C11803,1
C11804,2
C11805,2
C11806,1
C11807,1
C11808,2
C11809,6
C11810,2
C11811,1
C11813,1
C11814,5
C11815,2
C11816,2
C11817,6
C11818,2
C11819,5
C11820,0
C11821,6
C11822,2
C11823,2
C11824,1
C11825,5
C11826,6
C11827,5
C11828,2
C11829,0
C11830,2
C11831,2
C11832,2
C11833,2
C11834,0
C11835,2
C11836,6
C11837,0
C11838,0
C11839,6
C11840,6
C11841,0
C11842,1
C11843,6
C11844,2
C11845,6
C11846,6
C11847,6
C11848,2
C11849,6
C11850,2
C11851,1
C11852,6
C11853,6
C11854,6
C11855,0
C11856,2
C11857,2
C11858,6
C11859,6
C11860,6
C11861,0
C11862,6
C11863,2
C11864,6
C11865,2
C11866,2
C11867,6
C11868,4
C11869,6
C11870,0
C11871,0
C11872,6
C11873,2
C11874,1
C11875,2
C11876,6
C11877,5
C11878,6
C11879,6
C11880,2
C11881,1
C11882,2
C11883,2
C11884,2
C11885,6
C11886,2
C11887,2
C11888,2
C11889,2
C11890,6
C11892,6
C11893,0
C11894,1
C11895,1
C11896,0
C11897,2
C11898,2
C11899,1
C11900,6
C11901,2
C11902,2
C11903,2
C11904,2
C11905,2
C11906,2
C11907,6
C11908,6
C11909,2
C11910,2
C11911,6
C11912,5
C11913,2
C11914,6
C11915,6
C11916,2
C11917,0
C11918,2
C11919,0
C11920,6
C11921,2
C11922,1
C11924,2
C11925,6
C11926,0
C11927,2
C11928,6
C11929,2
C11930,1
C11931,6
C11932,6
C11933,1
C11934,6
C11935,2
C11936,6
C11937,2
C11938,2
C11939,6
C11940,2
C11941,6
C11942,2
C11943,2
C11944,6
C11945,0
C11946,2
C11947,6
C11948,6
C11949,6
C11950,6
C11951,1
C11952,4
C11953,1
C11954,6
C11955,2
C11956,6
C11957,6
C11958,4
C11959,6
C11960,1
C11961,6
C11962,6
C11963,0
C11964,2
C11965,2
C11966,0
C11967,6
C11968,2
C11969,0
C11970,1
C11971,0
C11972,2
C11973,6
C11974,5
C11975,0
C11976,2
C11977,2
C11978,6
C11979,0
C11980,2
C11981,0
C11982,0
C11983,2
C11984,6
C11985,0
C11986,0
C11987,0
C11988,1
C11989,1
C11990,6
C11991,2
C11992,2
C11993,2
C11994,6
C11995,0
C11996,6
C11997,6
C11998,0
C11999,0
C12000,6
C12001,6
C12002,4
C12004,6
C12005,4
C12006,0
C12007,2
C12008,2
C12009,2
C12010,2
C12011,2
C12012,2
C12013,0
C12014,6
C12015,2
C12016,5
C12017,2
C12018,6
C12019,2
C12020,0
C12021,2
C12022,2
C12023,6
C12024,5
C12025,0
C12026,4
C12027,2
C12028,6
C12029,6
C12030,2
C12031,2
C12032,6
C12033,1
C12034,4
C12035,6
C12036,2
C12037,6
C12038,2
C12039,6
C12040,2
C12041,2
C12042,2
C12043,6
C12044,6
C12045,6
C12046,0
C12047,6
C12048,1
C12049,2
C12050,6
C12051,0
C12052,2
C12053,2
C12054,5
C12055,6
C12056,4
C12057,6
C12058,6
C12059,1
C12060,2
C12061,6
C12062,2
C12063,6
C12064,0
C12065,6
C12066,0
C12067,2
C12068,6
C12069,6
C12070,2
C12071,4
C12072,2
C12073,6
C12074,6
C12075,2
C12076,6
C12077,0
C12078,5
C12079,2
C12080,6
C12081,2
C12082,6
C12083,0
C12084,2
C12085,2
C12086,2
C12087,5
C12088,5
C12089,6
C12090,6
C12091,2
C12092,1
C12093,2
C12094,2
C12095,2
C12096,1
C12097,0
C12098,6
C12099,6
C12100,2
C12101,0
C12102,4
C12103,2
C12104,6
C12105,2
C12107,6
C12108,6
C12109,0
C12110,5
C12111,1
C12112,0
C12113,6
C12114,6
C12115,5
C12116,1
C12117,6
C12118,5
C12119,2
C12120,6
C12121,6
C12122,6
C12124,2
C12125,4
C12127,6
C12128,4
C12129,6
C12130,6
C12131,4
C12132,6
C12133,1
C12134,1
C12135,2
C12136,0
C12137,2
C12138,6
C12139,6
C12140,2
C12141,0
C12142,1
C12143,5
C12144,6
C12145,0
C12146,0
C12147,2
C12148,2
C12149,6
C12150,2
C12151,6
C12152,0
C12153,6
C12154,5
C12155,6
C12156,0
C12157,4
C12158,0
C12159,2
C12160,1
C12161,2
C12162,6
C12163,4
C12164,6
C12165,1
C12166,6
C12167,0
C12168,1
C12169,6
C12170,6
C12171,6
C12172,6
C12173,1
C12174,6
C12175,1
C12176,1
C12177,6
C12178,2
C12179,6
C12180,6
C12181,2
C12182,1
C12183,4
C12184,6
C12185,6
C12186,0
C12187,6
C12188,2
C12189,6
C12190,2
C12191,1
C12192,1
C12194,6
C12195,1
C12196,1
C12197,6
C12198,0
C12199,1
C12200,6
C12201,2
C12202,6
C12203,1
C12204,6
C12205,2
C12206,6
C12207,2
C12208,1
C12209,6
C12210,2
C12211,6
C12212,6
C12213,2
C12214,2
C12215,6
C12216,6
C12217,2
C12218,6
C12219,4
C12220,2
C12221,1
C12222,6
C12223,6
C12224,2
C12225,2
C12226,0
C12227,6
C12228,2
C12229,1
C12230,6
C12231,2
C12232,2
C12233,6
C12234,6
C12235,2
C12236,6
C12237,6
C12238,0
C12239,2
C12240,6
C12241,4
C12242,2
C12243,2
C12244,1
C12246,2
C12247,6
C12248,6
C12249,6
C12250,2
C12251,2
C12252,6
C12253,2
C12254,6
C12255,2
C12256,1
C12257,6
C12258,6
C12260,6
C12261,6
C12262,6
C12263,6
C12264,6
C12265,0
C12266,2
C12267,0
C12268,1
C12269,0
C12270,6
C12271,6
C12272,2
C12273,2
C12274,2
C12275,0
C12276,2
C12277,1
C12278,1
C12279,0
C12280,6
C12281,0
C12282,6
C12283,2
C12284,0
C12285,1
C12286,1
C12287,2
C12288,6
C12289,2
C12291,6
C12292,2
C12293,6
C12294,6
C12295,2
C12296,2
C12297,6
C12298,6
C12299,6
C12300,1
C12301,6
C12302,2
C12303,2
C12304,6
C12305,2
C12306,2
C12307,4
C12308,1
C12309,2
C12310,0
C12311,1
C12312,6
C12313,6
C12314,2
C12315,1
C12316,6
C12317,6
C12318,6
C12319,0
C12320,2
C12321,1
C12322,6
C12323,2
C12324,6
C12325,2
C12326,2
C12327,2
C12329,0
C12330,1
C12331,4
C12332,5
C12333,2
C12334,0
C12335,6
C12336,5
C12337,4
C12338,0
C12339,4
C12340,4
C12341,6
C12342,0
C12343,2
C12344,6
C12345,2
C12346,6
C12347,0
C12348,2
C12349,6
C12350,2
C12351,2
C12352,6
C12353,6
C12354,6
C12355,6
C12356,2
C12357,2
C12358,2
C12359,0
C12360,6
C12361,2
C12362,2
C12363,6
C12364,2
C12365,6
C12366,6
C12367,2
C12368,6
C12369,0
C12370,6
C12371,6
C12372,2
C12373,6
C12374,2
C12375,6
C12376,6
C12377,0
C12378,4
C12381,1
C12382,2
C12383,2
C12384,5
C12385,2
C12386,6
C12387,2
C12388,6
C12389,4
C12390,1
C12391,2
C12392,6
C12393,6
C12394,6
C12395,6
C12396,1
C12397,0
C12398,1
C12399,6
C12400,2
C12401,6
C12402,0
C12403,2
C12404,1
C12405,2
C12406,4
C12407,1
C12408,6
C12409,2
C12410,0
C12411,6
C12412,2
C12413,0
C12414,2
C12415,0
C12416,0
C12417,4
C12418,2
C12419,2
C12420,2
C12421,0
C12422,0
C12423,6
C12424,2
C12425,6
C12426,6
C12427,2
C12428,2
C12429,6
C12430,1
C12431,6
C12432,2
C12433,2
C12434,0
C12435,1
C12436,5
C12437,2
C12438,6
C12439,0
C12440,6
C12441,1
C12442,2
C12443,6
C12444,4
C12445,1
C12446,5
C12447,2
C12448,6
C12449,2
C12450,4
C12451,6
C12452,2
C12453,2
C12454,2
C12455,2
C12456,2
C12457,1
C12458,0
C12459,6
C12460,0
C12461,2
C12462,0
C12463,6
C12464,2
C12465,2
C12466,6
C12467,6
C12468,2
C12469,6
C12470,0
C12471,1
C12472,6
C12473,5
C12474,6
C12475,6
C12476,0
C12477,3
C12478,2
C12479,2
C12480,4
C12481,0
C12482,2
C12483,2
C12484,2
C12485,6
C12486,6
C12487,6
C12488,1
C12489,2
C12490,2
C12491,2
C12492,6
C12493,2
C12494,1
C12495,0
C12497,3
C12498,6
C12499,6
C12500,6
C12501,0
C12502,6
C12503,6
C12504,6
C12505,1
C12506,0
C12507,2
C12508,2
C12509,1
C12510,2
C12511,0
C12512,4
C12513,0
C12514,1
C12515,0
C12516,0
C12517,1
C12518,1
C12519,2
C12520,0
C12521,6
C12522,0
C12523,6
C12524,6
C12525,6
C12526,1
C12527,2
C12528,0
C12529,4
C12530,6
C12531,2
C12532,6
C12533,1
C12534,6
C12535,6
C12536,4
C12537,0
C12538,1
C12539,6
C12540,6
C12541,0
C12542,1
C12543,2
C12544,2
C12545,2
C12546,6
C12547,0
C12548,6
C12549,0
C12550,2
C12551,2
C12552,6
C12553,4
C12554,2
C12555,6
C12556,6
C12557,6
C12558,1
C12559,0
C12560,6
C12561,4
C12562,0
C12563,6
C12564,0
C12565,4
C12566,2
C12567,6
C12568,6
C12569,0
C12570,6
C12571,6
C12572,1
C12573,2
C12574,1
C12575,1
C12576,2
C12577,1
C12578,6
C12579,6
C12580,2
C12581,6
C12582,2
C12583,2
C12584,6
C12585,6
C12586,6
C12587,6
C12588,6
C12589,5
C12590,0
C12591,6
C12592,2
C12593,6
C12594,6
C12595,1
C12596,2
C12597,5
C12598,2
C12599,6
C12600,6
C12601,2
C12602,1
C12603,4
C12604,1
C12605,0
C12606,6
C12607,6
C12608,1
C12609,1
C12610,2
C12611,2
C12612,6
C12613,1
C12614,6
C12615,6
C12616,6
C12617,6
C12618,4
C12619,2
C12620,6
C12621,6
C12622,0
C12623,2
C12624,1
C12625,2
C12626,6
C12627,2
C12628,6
C12629,0
C12630,6
C12631,4
C12632,2
C12633,6
C12634,1
C12635,0
C12636,6
C12637,6
C12638,6
C12639,6
C12640,6
C12641,2
C12642,2
C12643,1
C12644,6
C12645,0
C12646,6
C12647,2
C12648,0
C12650,6
C12651,0
C12652,6
C12653,2
C12654,0
C12655,1
C12656,0
C12657,1
C12658,2
C12659,6
C12660,6
C12661,1
C12663,6
C12664,1
C12665,6
C12666,2
C12667,2
C12668,6
C12669,0
C12670,2
C12671,6
C12672,0
C12673,6
C12674,0
C12675,3
C12676,2
C12677,1
C12678,6
C12679,6
C12680,2
C12681,6
C12682,0
C12683,6
C12684,0
C12685,2
C12686,6
C12687,6
C12688,0
C12689,2
C12690,6
C12691,6
C12692,1
C12693,6
C12694,2
C12695,6
C12696,2
C12697,4
C12698,1
C12699,6
C12700,2
C12701,4
C12702,6
C12703,1
C12704,6
C12705,2
C12706,6
C12707,0
C12708,0
C12709,0
C12710,6
C12712,2
C12713,2
C12714,6
C12715,6
C12716,6
C12717,2
C12718,2
C12719,0
C12720,0
C12721,6
C12722,0
C12723,2
C12724,2
C12725,6
C12726,2
C12727,6
C12728,6
C12729,1
C12730,1
C12731,6
C12732,1
C12733,2
C12734,0
C12735,6
C12736,6
C12737,0
C12738,6
C12739,2
C12740,6
C12741,2
C12742,2
C12743,2
C12744,6
C12745,1
C12746,0
C12747,6
C12748,2
C12749,6
C12750,6
C12751,6
C12752,1
C12753,6
C12754,0
C12755,2
C12756,1
C12757,0
C12758,0
C12759,0
C12760,2
C12761,6
C12762,0
C12763,2
C12764,2
C12765,1
C12766,2
C12767,0
C12768,6
C12769,6
C12770,0
C12771,6
C12772,6
C12773,0
C12774,2
C12775,2
C12776,6
C12777,3
C12778,6
C12779,2
C12780,6
C12781,6
C12782,6
C12783,6
C12784,2
C12786,6
C12787,1
C12788,6
C12789,6
C12790,1
C12791,4
C12792,6
C12793,2
C12794,4
C12795,2
C12796,2
C12797,2
C12798,6
C12799,2
C12800,6
C12801,2
C12802,2
C12803,6
C12804,0
C12805,6
C12806,5
C12807,0
C12808,6
C12809,1
C12810,2
C12811,6
C12812,2
C12813,1
C12814,6
C12815,0
C12816,6
C12818,6
C12819,6
C12820,6
C12821,0
C12822,2
C12823,2
C12824,2
C12825,0
C12826,6
C12827,1
C12828,4
C12829,5
C12830,2
C12831,2
C12832,6
C12833,6
C12834,0
C12835,0
C12836,2
C12837,2
C12838,2
C12839,2
C12840,2
C12841,6
C12842,0
C12843,1
C12844,1
C12845,6
C12846,2
C12847,2
C12848,6
C12849,6
C12850,6
C12851,6
C12852,6
C12853,3
C12854,6
C12855,1
C12857,6
C12858,2
C12859,0
C12860,0
C12861,1
C12862,2
C12863,2
C12864,2
C12865,6
C12866,2
C12867,1
C12868,3
C12869,6
C12871,6
C12872,6
C12873,0
C12874,2
C12875,6
C12876,6
C12877,0
C12878,6
C12879,6
C12880,2
C12881,2
C12883,1
C12884,6
C12885,1
C12886,6
C12887,1
C12888,2
C12889,6
C12890,6
C12891,2
C12892,2
C12893,5
C12894,6
C12895,2
C12896,6
C12897,0
C12898,1
C12899,6
C12900,4
C12901,6
C12902,6
C12903,1
C12904,5
C12905,5
C12906,6
C12907,4
C12908,6
C12909,2
C12910,6
C12911,6
C12912,6
C12913,6
C12914,2
C12915,1
C12916,5
C12917,6
C12918,6
C12919,2
C12920,6
C12921,0
C12922,0
C12923,6
C12924,2
C12925,1
C12926,6
C12927,6
C12928,0
C12929,1
C12930,1
C12931,2
C12932,6
C12933,6
C12934,2
C12935,1
C12936,2
C12937,6
C12938,1
C12939,6
C12941,6
C12943,6
C12944,6
C12945,6
C12946,0
C12947,1
C12948,6
C12949,6
C12950,6
C12951,0
C12952,1
C12953,0
C12954,2
C12955,2
C12956,2
C12957,2
C12958,6
C12959,2
C12960,6
C12961,1
C12962,0
C12963,6
C12964,6
C12965,6
C12966,6
C12967,6
C12968,6
C12969,2
C12970,0
C12971,0
C12972,0
C12973,4
C12974,6
C12975,2
C12976,2
C12977,6
C12978,0
C12979,6
C12980,4
C12981,2
C12982,3
C12983,2
C12984,2
C12985,2
C12986,6
C12987,2
C12988,2
C12989,2
C12990,4
C12991,2
C12992,6
C12993,6
C12994,6
C12995,6
C12996,6
C12997,2
C12998,2
C12999,0
C13000,2
C13001,2
C13002,0
C13004,1
C13005,6
C13006,6
C13007,6
C13008,0
C13009,6
C13011,6
C13012,6
C13013,2
C13014,0
C13015,6
C13016,1
C13017,2
C13018,1
C13019,6
C13020,2
C13021,6
C13022,6
C13023,0
C13024,6
C13025,6
C13026,1
C13027,0
C13028,6
C13029,6
C13031,1
C13032,6
C13033,6
C13034,0
C13035,2
C13036,4
C13037,6
C13038,1
C13039,6
C13040,6
C13041,0
C13042,6
C13043,6
C13044,2
C13045,1
C13046,1
C13047,6
C13048,2
C13049,0
C13050,6
C13051,0
C13052,6
C13053,0
C13054,6
C13056,6
C13057,6
C13058,5
C13059,6
C13060,1
C13061,0
C13062,4
C13063,2
C13064,2
C13065,2
C13066,1
C13067,0
C13068,6
C13069,1
C13070,6
C13071,6
C13072,6
C13073,5
C13074,6
C13076,2
C13077,5
C13078,6
C13079,2
C13080,4
C13081,6
C13082,1
C13083,6
C13084,0
C13085,2
C13086,2
C13087,2
C13088,6
C13089,2
C13090,6
C13091,6
C13092,6
C13093,2
C13094,6
C13095,2
C13096,2
C13097,2
C13098,6
C13099,2
C13100,4
C13101,6
C13102,2
C13103,0
C13104,2
C13105,1
C13106,2
C13107,2
C13108,2
C13109,2
C13110,6
C13111,2
C13112,2
C13113,0
C13114,2
C13115,2
C13116,0
C13117,2
C13118,6
C13119,2
C13120,6
C13121,0
C13122,6
C13123,6
C13124,6
C13125,0
C13126,6
C13127,0
C13128,0
C13129,6
C13130,2
C13131,2
C13132,6
C13133,6
C13134,0
C13135,6
C13136,2
C13137,6
C13138,4
C13139,6
C13140,6
C13141,2
C13142,2
C13143,2
C13144,2
C13145,1
C13146,2
C13147,2
C13148,2
C13149,6
C13150,6
C13151,0
C13152,0
C13153,2
C13154,6
C13155,6
C13156,6
C13157,6
C13158,2
C13159,6
C13160,6
C13161,1
C13162,2
C13163,2
C13164,6
C13165,6
C13166,6
C13167,6
C13168,6
C13169,2
C13170,2
C13171,0
C13172,0
C13173,6
C13174,1
C13175,6
C13176,6
C13178,2
C13179,0
C13180,6
C13181,6
C13182,1
C13183,5
C13184,6
C13185,4
C13186,2
C13187,6
C13188,6
C13189,0
C13190,2
C13191,2
C13192,6
C13193,0
C13194,6
C13195,5
C13196,0
C13197,0
C13198,2
C13199,0
C13200,6
C13201,1
C13202,2
C13203,4
C13204,6
C13205,0
C13206,2
C13207,6
C13208,0
C13209,6
C13210,0
C13211,2
C13212,2
C13213,5
C13214,2
C13215,0
C13216,1
C13217,0
C13218,1
C13219,6
C13220,2
C13221,6
C13222,2
C13223,6
C13224,2
C13225,0
C13226,6
C13227,6
C13228,1
C13229,2
C13230,2
C13231,0
C13232,2
C13233,6
C13234,2
C13235,3
C13236,2
C13237,6
C13238,6
C13239,2
C13240,2
C13241,2
C13242,0
C13243,0
C13244,2
C13245,0
C13246,2
C13247,2
C13248,0
C13249,2
C13250,1
C13251,6
C13252,6
C13253,6
C13254,6
C13255,0
C13257,6
C13258,6
C13259,6
C13260,6
C13261,1
C13262,2
C13263,2
C13264,6
C13265,6
C13266,6
C13267,2
C13268,2
C13269,0
C13270,6
C13271,2
C13272,5
C13273,6
C13275,6
C13276,4
C13277,2
C13278,6
C13279,6
C13280,1
C13282,6
C13283,0
C13284,2
C13285,6
C13286,6
C13287,6
C13288,1
C13289,2
C13290,0
C13291,6
C13292,6
C13293,2
C13294,6
C13295,6
C13296,1
C13297,0
C13298,2
C13299,6
C13300,6
C13301,6
C13302,6
C13303,0
C13304,6
C13305,0
C13306,6
C13307,6
C13308,6
C13309,6
C13310,6
C13312,6
C13313,0
C13314,0
C13315,0
C13316,6
C13317,6
C13318,1
C13319,4
C13320,6
C13321,6
C13322,1
C13323,6
C13324,2
C13325,2
C13326,0
C13327,2
C13328,2
C13329,4
C13330,6
C13331,6
C13332,2
C13333,2
C13334,1
C13335,2
C13336,6
C13337,6
C13338,6
C13339,6
C13340,2
C13341,6
C13342,2
C13343,4
C13344,6
C13345,1
C13346,6
C13347,0
C13348,1
C13349,1
C13350,2
C13351,6
C13352,1
C13353,0
C13354,1
C13355,0
C13356,0
C13357,6
C13358,0
C13359,0
C13360,6
C13361,5
C13362,6
C13363,0
C13364,0
C13365,0
C13366,6
C13367,0
C13368,0
C13369,2
C13370,2
C13371,2
C13372,2
C13373,6
C13374,0
C13375,2
C13376,5
C13377,0
C13378,1
C13379,6
C13380,2
C13381,5
C13382,2
C13383,6
C13384,6
C13385,0
C13386,2
C13387,6
C13388,6
C13389,6
C13390,6
C13391,4
C13392,0
C13393,2
C13394,0
C13395,2
C13396,0
C13397,6
C13398,2
C13399,6
C13400,1
C13401,6
C13402,0
C13403,6
C13404,2
C13405,4
C13406,1
C13407,4
C13408,1
C13409,1
C13410,2
C13411,6
C13412,6
C13413,4
C13414,2
C13416,0
C13417,6
C13418,6
C13419,1
C13420,2
C13421,6
C13422,6
C13423,6
C13424,6
C13425,2
C13426,0
C13427,2
C13428,6
C13429,6
C13430,2
C13431,1
C13432,6
C13433,6
C13434,6
C13435,6
C13436,6
C13437,6
C13439,0
C13440,6
C13441,6
C13442,0
C13443,2
C13444,0
C13445,6
C13446,2
C13447,0
C13448,0
C13449,4
C13450,2
C13451,6
C13452,2
C13453,2
C13454,2
C13455,6
C13456,0
C13457,6
C13458,4
C13459,6
C13460,0
C13461,6
C13462,2
C13463,6
C13464,1
C13465,2
C13466,2
C13467,2
C13468,6
C13469,0
C13470,4
C13471,6
C13472,6
C13473,2
C13474,1
C13475,2
C13476,6
C13478,6
C13479,5
C13480,6
C13481,4
C13482,6
C13483,6
C13484,2
C13485,2
C13486,6
C13487,6
C13488,2
C13489,2
C13490,0
C13491,1
C13492,6
C13493,2
C13494,0
C13495,0
C13496,2
C13497,0
C13498,6
C13499,2
C13500,2
C13501,5
C13502,6
C13503,6
C13504,2
C13505,2
C13506,0
C13507,2
C13508,2
C13509,4
C13510,0
C13511,0
C13512,6
C13513,6
C13514,2
C13515,6
C13516,1
C13517,6
C13518,1
C13519,6
C13520,1
C13521,6
C13522,1
C13523,6
C13524,2
C13525,2
C13526,6
C13527,6
C13528,6
C13529,6
C13530,1
C13531,1
C13532,2
C13533,2
C13534,2
C13535,1
C13536,1
C13537,0
C13538,6
C13539,2
C13540,6
C13541,6
C13542,6
C13543,2
C13544,1
C13545,0
C13546,2
C13547,6
C13548,4
C13549,5
C13550,6
C13551,2
C13552,6
C13553,1
C13554,6
C13555,6
C13556,4
C13557,2
C13558,6
C13559,2
C13560,1
C13561,6
C13562,1
C13563,6
C13564,2
C13565,6
C13566,6
C13567,4
C13568,1
C13569,6
C13570,6
C13571,6
C13572,2
C13573,1
C13574,6
C13575,6
C13576,2
C13577,6
C13578,0
C13579,6
C13580,6
C13581,0
C13582,2
C13583,6
C13584,6
C13585,1
C13586,2
C13587,0
C13588,5
C13589,2
C13591,2
C13592,6
C13593,2
C13594,0
C13596,0
C13597,2
C13598,0
C13599,6
C13600,0
C13601,6
C13602,2
C13603,6
C13604,6
C13605,1
C13606,4
C13607,6
C13608,2
C13610,5
C13611,2
C13612,2
C13613,1
C13614,0
C13615,6
C13616,2
C13617,6
C13618,1
C13619,6
C13620,5
C13621,1
C13622,2
C13623,6
C13624,1
C13625,1
C13626,2
C13627,2
C13628,6
C13629,0
C13630,5
C13631,2
C13632,0
C13633,6
C13634,4
C13635,0
C13636,2
C13637,2
C13638,1
C13639,0
C13640,2
C13641,6
C13642,6
C13643,2
C13644,5
C13645,0
C13646,6
C13647,0
C13648,6
C13649,6
C13650,2
C13651,6
C13652,0
C13653,5
C13654,2
C13655,0
C13656,6
C13657,2
C13658,6
C13659,6
C13660,0
C13661,2
C13662,0
C13663,4
C13664,6
C13665,6
C13666,6
C13668,6
C13669,2
C13670,0
C13671,0
C13672,0
C13673,6
C13674,6
C13675,0
C13676,6
C13677,5
C13678,6
C13679,2
C13680,6
C13681,6
C13682,2
C13683,1
C13684,2
C13685,2
C13686,2
C13687,6
C13688,1
C13689,6
C13690,2
C13691,6
C13692,0
C13693,6
C13694,0
C13695,4
C13696,1
C13697,6
C13698,2
C13699,4
C13701,4
C13702,6
C13703,2
C13704,6
C13705,1
C13706,2
C13707,6
C13708,6
C13709,2
C13710,1
C13711,2
C13712,6
C13713,2
C13714,2
C13715,2
C13717,0
C13718,6
C13719,6
C13720,6
C13721,6
C13722,6
C13723,2
C13724,6
C13725,0
C13726,0
C13727,0
C13728,4
C13729,6
C13730,4
C13731,6
C13732,0
C13733,1
C13734,2
C13735,1
C13736,5
C13737,6
C13738,6
C13739,1
C13740,2
C13741,0
C13742,6
C13743,6
C13744,0
C13745,6
C13746,2
C13747,0
C13748,0
C13749,2
C13750,6
C13751,6
C13752,4
C13753,2
C13754,6
C13755,5
C13756,6
C13757,6
C13758,6
C13759,0
C13760,6
C13761,2
C13762,1
C13763,1
C13764,2
C13765,6
C13767,2
C13768,2
C13769,6
C13770,0
C13771,6
C13772,2
C13773,5
C13774,1
C13775,2
C13776,6
C13777,2
C13778,2
C13779,6
C13780,5
C13781,0
C13782,6
C13783,6
C13784,2
C13785,6
C13786,2
C13787,4
C13788,6
C13789,6
C13790,6
C13791,2
C13792,2
C13793,2
C13794,2
C13795,5
C13796,1
C13797,1
C13798,2
C13799,2
C13800,4
C13801,2
C13802,5
C13803,6
C13804,6
C13805,4
C13806,2
C13807,6
C13809,6
C13810,2
C13811,6
C13812,2
C13813,2
C13814,2
C13815,2
C13816,4
C13817,0
C13819,2
C13820,1
C13821,6
C13822,0
C13823,1
C13824,2
C13825,5
C13826,6
C13827,0
C13828,6
C13829,6
C13830,6
C13831,1
C13832,1
C13833,6
C13834,6
C13835,2
C13836,2
C13837,6
C13838,6
C13839,0
C13840,2
C13841,6
C13842,6
C13843,6
C13844,1
C13845,6
C13846,2
C13847,6
C13848,2
C13849,1
C13850,5
C13851,1
C13852,6
C13853,3
C13855,2
C13856,0
C13857,2
C13858,4
C13859,6
C13860,0
C13861,2
C13862,4
C13863,2
C13864,2
C13865,0
C13866,4
C13867,4
C13868,1
C13869,0
C13870,1
C13871,2
C13872,2
C13873,6
C13874,4
C13875,2
C13876,6
C13877,2
C13878,0
C13879,6
C13881,6
C13882,2
C13883,0
C13884,0
C13885,2
C13886,2
C13887,6
C13888,6
C13889,0
C13890,2
C13891,5
C13892,6
C13893,2
C13894,2
C13895,6
C13896,5
C13897,6
C13898,0
C13899,5
C13900,6
C13901,6
C13902,2
C13903,2
C13904,2
C13905,6
C13906,6
C13907,4
C13908,0
C13909,2
C13910,6
C13911,1
C13912,6
C13913,6
C13914,0
C13915,2
C13916,2
C13917,1
C13918,6
C13919,6
C13920,6
C13921,2
C13922,6
C13923,2
C13924,2
C13925,6
C13926,6
C13927,6
C13928,6
C13929,0
C13930,0
C13931,2
C13932,6
C13933,6
C13934,6
C13935,1
C13936,2
C13937,6
C13938,2
C13939,6
C13940,2
C13941,2
C13942,6
C13943,2
C13944,5
C13945,0
C13946,1
C13947,6
C13948,0
C13949,6
C13950,6
C13951,2
C13952,6
C13953,6
C13954,5
C13955,2
C13956,2
C13957,2
C13958,6
C13959,1
C13960,6
C13961,2
C13962,2
C13964,2
C13965,1
C13966,1
C13967,0
C13968,2
C13969,6
C13970,6
C13971,2
C13972,6
C13973,1
C13974,6
C13975,2
C13977,6
C13978,2
C13979,6
C13980,1
C13981,0
C13982,2
C13983,6
C13984,4
C13985,2
C13986,6
C13987,6
C13988,5
C13989,6
C13990,6
C13991,2
C13992,6
C13993,2
C13994,4
C13995,2
C13996,2
C13997,2
C13998,2
C13999,0
C14000,2
C14001,6
C14002,1
C14003,6
C14004,6
C14005,6
C14006,6
C14007,2
C14008,6
C14009,1
C14010,6
C14011,2
C14012,6
C14013,6
C14014,6
C14015,2
C14016,0
C14017,6
C14018,0
C14019,6
C14020,1
C14021,6
C14022,6
C14023,6
C14024,2
C14026,1
C14027,1
C14028,2
C14029,6
C14030,4
C14031,6
C14032,0
C14033,0
C14034,6
C14035,6
C14036,0
C14037,2
C14038,2
C14039,6
C14040,2
C14041,0
C14042,6
C14043,2
C14044,4
C14045,6
C14046,2
C14047,6
C14048,5
C14049,2
C14050,5
C14051,6
C14052,6
C14053,6
C14054,1
C14055,0
C14056,6
C14057,2
C14058,2
C14059,5
C14060,6
C14061,6
C14062,6
C14063,6
C14064,1
C14065,1
C14066,5
C14067,5
C14068,1
C14069,6
C14070,6
C14071,2
C14072,6
C14073,1
C14074,6
C14075,6
C14076,2
C14077,6
C14078,6
C14079,6
C14080,1
C14081,6
C14082,2
C14083,6
C14084,6
C14085,6
C14086,6
C14087,1
C14088,2
C14089,6
C14090,6
C14091,2
C14092,1
C14094,6
C14095,6
C14096,0
C14097,6
C14098,4
C14099,2
C14100,2
C14101,0
C14102,6
C14103,2
C14104,6
C14105,6
C14106,6
C14107,6
C14108,6
C14109,5
C14111,2
C14112,0
C14113,2
C14114,6
C14115,2
C14116,6
C14117,2
C14119,6
C14120,2
C14121,2
C14122,0
C14123,6
C14124,2
C14125,2
C14126,5
C14127,2
C14128,2
C14129,6
C14130,0
C14131,0
C14132,0
C14133,1
C14134,6
C14135,6
C14136,0
C14137,1
C14138,6
C14139,1
C14140,6
C14141,2
C14142,0
C14143,1
C14144,5
C14145,2
C14146,1
C14147,2
C14148,6
C14149,1
C14150,2
C14151,2
C14152,6
C14153,1
C14154,0
C14155,4
C14156,6
C14157,6
C14158,1
C14159,6
C14161,6
C14162,6
C14163,6
C14164,6
C14165,1
C14166,1
C14167,6
C14168,1
C14169,6
C14170,6
C14171,4
C14172,1
C14173,6
C14174,6
C14175,6
C14177,6
C14178,0
C14179,6
C14180,6
C14181,0
C14182,6
C14183,6
C14184,6
C14185,0
C14186,6
C14187,6
C14188,2
C14189,1
C14190,0
C14191,2
C14192,2
C14193,6
C14194,6
C14195,0
C14196,6
C14197,1
C14198,6
C14199,6
C14200,6
C14201,2
C14202,5
C14203,2
C14204,1
C14205,0
C14206,2
C14207,0
C14208,2
C14209,6
C14210,6
C14211,0
C14212,2
C14213,0
C14214,6
C14215,4
C14216,0
C14217,6
C14218,5
C14219,0
C14220,6
C14221,2
C14222,6
C14223,2
C14224,6
C14225,1
C14226,2
C14227,6
C14228,5
C14229,6
C14230,6
C14231,6
C14232,6
C14233,6
C14234,6
C14235,2
C14236,4
C14237,6
C14238,1
C14239,6
C14240,1
C14241,0
C14242,1
C14243,2
C14244,6
C14245,6
C14246,6
C14247,6
C14248,0
C14249,2
C14250,4
C14251,2
C14252,1
C14253,0
C14254,2
C14255,6
C14256,5
C14257,2
C14258,2
C14259,6
C14260,0
C14261,6
C14262,2
C14263,1
C14264,0
C14265,6
C14266,2
C14267,6
C14268,2
C14269,1
C14270,6
C14271,2
C14272,2
C14273,1
C14274,4
C14275,6
C14276,1
C14277,2
C14278,6
C14279,6
C14280,2
C14281,6
C14282,6
C14283,1
C14284,6
C14285,2
C14286,6
C14287,6
C14288,6
C14289,6
C14290,6
C14291,0
C14292,2
C14293,6
C14294,0
C14295,4
C14297,6
C14298,6
C14299,1
C14300,6
C14301,2
C14302,1
C14303,2
C14304,2
C14305,4
C14306,6
C14307,2
C14308,6
C14309,6
C14310,6
C14311,0
C14312,0
C14313,0
C14314,6
C14315,6
C14316,4
C14317,1
C14318,6
C14319,1
C14320,6
C14322,2
C14323,6
C14324,5
C14325,2
C14326,1
C14327,6
C14328,2
C14329,2
C14330,2
C14331,2
C14332,4
C14333,0
C14334,1
C14335,6
C14336,6
C14337,4
C14338,5
C14339,6
C14340,1
C14341,0
C14342,4
C14343,6
C14344,6
C14345,6
C14346,6
C14347,1
C14348,0
C14349,1
C14350,2
C14351,6
C14352,6
C14353,1
C14354,6
C14355,4
C14356,6
C14357,0
C14358,1
C14359,0
C14360,6
C14361,6
C14362,2
C14363,2
C14364,1
C14365,1
C14366,2
C14367,0
C14368,2
C14369,6
C14370,0
C14371,6
C14372,1
C14373,6
C14374,0
C14375,2
C14376,1
C14377,1
C14378,1
C14379,6
C14380,6
C14381,0
C14382,2
C14383,6
C14384,2
C14385,1
C14386,6
C14387,2
C14388,6
C14389,1
C14390,2
C14391,0
C14392,6
C14393,6
C14394,2
C14395,1
C14396,6
C14397,6
C14398,1
C14399,6
C14400,5
C14401,3
C14402,2
C14403,2
C14404,6
C14405,2
C14406,2
C14407,2
C14408,6
C14409,2
C14410,6
C14411,6
C14412,6
C14413,6
C14414,5
C14415,2
C14416,6
C14417,5
C14418,2
C14419,0
C14421,6
C14422,6
C14423,2
C14424,4
C14425,6
C14426,6
C14427,6
C14428,6
C14429,6
C14430,6
C14431,0
C14432,4
C14433,6
C14434,6
C14435,0
C14436,0
C14437,6
C14439,6
C14440,6
C14441,6
C14442,2
C14443,2
C14444,1
C14445,6
C14447,1
C14448,6
C14449,6
C14450,2
C14451,6
C14452,6
C14453,4
C14455,2
C14456,1
C14457,1
C14458,2
C14459,6
C14460,6
C14461,2
C14462,0
C14463,6
C14464,1
C14465,2
C14466,6
C14467,6
C14468,6
C14469,6
C14470,0
C14471,2
C14472,2
C14473,0
C14474,6
C14475,1
C14476,1
C14477,6
C14478,0
C14479,6
C14480,2
C14481,6
C14482,2
C14483,6
C14484,6
C14485,0
C14486,2
C14487,6
C14488,2
C14489,2
C14490,0
C14492,1
C14493,2
C14494,2
C14495,6
C14496,1
C14497,1
C14498,2
C14499,3
C14500,6
C14501,2
C14502,2
C14503,4
C14504,1
C14505,0
C14506,2
C14507,6
C14508,6
C14509,1
C14510,2
C14511,6
C14512,2
C14513,6
C14514,6
C14515,2
C14516,2
C14517,0
C14518,2
C14519,0
C14520,2
C14521,6
C14522,6
C14523,6
C14524,6
C14525,6
C14526,2
C14527,6
C14528,6
C14529,6
C14530,4
C14531,6
C14532,1
C14533,6
C14534,0
C14535,6
C14536,0
C14537,1
C14538,2
C14539,6
C14540,6
C14541,6
C14542,0
C14543,6
C14544,6
C14545,2
C14546,6
C14547,2
C14548,6
C14549,0
C14550,1
C14551,5
C14553,6
C14554,1
C14555,6
C14556,2
C14557,6
C14558,2
C14559,6
C14560,2
C14561,0
C14562,2
C14563,6
C14564,2
C14565,1
C14566,4
C14567,6
C14568,2
C14569,6
C14570,1
C14571,6
C14572,2
C14573,6
C14574,6
C14575,1
C14576,6
C14577,6
C14578,0
C14579,4
C14580,1
C14581,1
C14582,4
C14583,6
C14584,6
C14585,4
C14586,3
C14587,2
C14588,2
C14589,6
C14590,2
C14591,2
C14592,4
C14593,4
C14594,2
C14595,6
C14596,2
C14597,1
C14598,0
C14599,2
C14600,2
C14601,0
C14602,2
C14603,6
C14604,2
C14606,0
C14607,2
C14608,6
C14609,6
C14610,0
C14611,2
C14612,4
C14613,2
C14614,0
C14615,6
C14616,6
C14617,6
C14618,6
C14619,6
C14620,1
C14621,6
C14622,2
C14623,6
C14624,6
C14625,6
C14626,2
C14627,6
C14628,4
C14629,6
C14630,5
C14631,0
C14632,6
C14633,2
C14634,0
C14635,2
C14636,6
C14637,2
C14638,6
C14639,0
C14640,5
C14641,1
C14642,2
C14643,2
C14644,2
C14645,6
C14646,6
C14647,2
C14648,6
C14649,6
C14650,6
C14651,6
C14652,6
C14653,6
C14654,6
C14655,6
C14656,2
C14657,2
C14658,6
C14659,1
C14660,2
C14661,2
C14662,2
C14663,6
C14664,4
C14665,5
C14666,2
C14667,5
C14668,6
C14669,1
C14670,4
C14672,2
C14673,2
C14674,6
C14675,6
C14676,2
C14677,4
C14678,2
C14679,1
C14680,6
C14681,2
C14682,6
C14683,1
C14684,0
C14685,2
C14686,6
C14687,4
C14688,0
C14689,6
C14690,4
C14691,0
C14692,6
C14693,1
C14694,6
C14695,0
C14696,6
C14697,6
C14698,1
C14699,2
C14700,6
C14701,1
C14702,6
C14703,2
C14704,1
C14705,0
C14706,6
C14707,0
C14708,0
C14709,6
C14710,2
C14711,0
C14712,1
C14713,6
C14714,1
C14715,6
C14716,1
C14717,6
C14718,6
C14719,1
C14720,6
C14721,6
C14722,1
C14723,0
C14724,0
C14725,6
C14726,6
C14727,2
C14728,3
C14729,6
C14730,6
C14731,6
C14732,1
C14733,6
C14734,4
C14735,0
C14736,2
C14737,6
C14738,6
C14739,1
C14740,2
C14741,2
C14742,2
C14743,0
C14744,2
C14745,0
C14746,1
C14747,2
C14748,6
C14749,6
C14750,6
C14751,1
C14752,0
C14753,6
C14754,6
C14755,6
C14756,1
C14757,6
C14758,0
C14759,1
C14760,6
C14761,6
C14762,2
C14763,6
C14764,2
C14765,1
C14766,0
C14767,2
C14768,0
C14769,2
C14770,6
C14771,1
C14772,0
C14773,6
C14774,1
C14775,4
C14776,6
C14777,2
C14778,2
C14779,1
C14780,6
C14781,2
C14783,6
C14784,2
C14785,3
C14786,1
C14787,6
C14788,2
C14789,4
C14790,6
C14791,6
C14792,6
C14793,2
C14794,1
C14795,5
C14796,6
C14797,2
C14798,6
C14799,2
C14800,2
C14802,2
C14803,6
C14804,4
C14805,1
C14806,6
C14807,6
C14808,1
C14809,6
C14810,6
C14811,1
C14812,6
C14813,6
C14814,6
C14815,6
C14816,6
C14817,1
C14818,6
C14819,6
C14820,2
C14821,1
C14822,6
C14823,6
C14824,2
C14825,6
C14826,4
C14827,6
C14828,4
C14829,6
C14830,4
C14831,1
C14832,6
C14833,1
C14834,2
C14835,2
C14836,0
C14837,5
C14838,2
C14839,6
C14841,2
C14842,6
C14843,0
C14844,0
C14845,2
C14846,0
C14847,1
C14848,6
C14849,0
C14850,2
C14851,0
C14852,4
C14853,0
C14854,2
C14855,2
C14856,4
C14857,6
C14858,2
C14859,6
C14860,6
C14861,1
C14862,2
C14863,6
C14864,6
C14865,2
C14866,0
C14867,6
C14868,6
C14870,6
C14871,2
C14872,6
C14873,6
C14874,0
C14876,0
C14877,6
C14878,6
C14879,1
C14880,0
C14881,6
C14882,2
C14884,6
C14885,0
C14886,0
C14887,6
C14888,5
C14889,6
C14890,2
C14892,2
C14894,2
C14895,6
C14896,1
C14897,2
C14898,6
C14899,6
C14900,1
C14901,6
C14902,1
C14903,6
C14904,6
C14905,6
C14906,6
C14907,1
C14908,2
C14909,6
C14910,6
C14911,1
C14912,6
C14913,6
C14914,4
C14915,6
C14916,6
C14917,6
C14918,5
C14919,6
C14920,6
C14921,1
C14922,6
C14923,6
C14924,2
C14925,6
C14926,1
C14927,6
C14928,6
C14929,2
C14930,0
C14931,0
C14932,6
C14933,6
C14934,4
C14935,6
C14936,1
C14937,6
C14938,4
C14939,6
C14940,6
C14941,6
C14942,1
C14943,6
C14944,2
C14945,6
C14946,6
C14947,2
C14948,6
C14949,2
C14950,6
C14951,2
C14952,6
C14953,6
C14954,2
C14955,6
C14956,2
C14957,4
C14958,2
C14959,6
C14960,2
C14961,6
C14962,1
C14963,2
C14964,5
C14965,4
C14966,2
C14967,6
C14968,4
C14969,6
C14970,0
C14971,4
C14972,6
C14973,6
C14974,6
C14975,2
C14976,1
C14977,6
C14978,1
C14979,2
C14980,0
C14981,6
C14982,2
C14983,2
C14984,6
C14985,6
C14986,6
C14987,1
C14988,6
C14989,6
C14990,2
C14991,1
C14992,2
C14993,1
C14994,2
C14995,2
C14996,1
C14997,6
C14998,6
C15000,2
C15001,6
C15002,2
C15003,2
C15004,2
C15005,0
C15006,6
C15007,6
C15008,6
C15009,6
C15010,2
C15011,2
C15012,0
C15013,6
C15014,2
C15015,6
C15016,2
C15017,1
C15018,6
C15019,4
C15020,1
C15021,6
C15022,1
C15023,2
C15025,2
C15026,6
C15027,2
C15028,1
C15029,2
C15030,1
C15031,0
C15032,2
C15033,1
C15034,0
C15035,4
C15036,1
C15037,2
C15038,6
C15039,2
C15040,2
C15041,0
C15042,1
C15043,0
C15044,6
C15045,6
C15046,4
C15047,5
C15048,6
C15049,2
C15050,6
C15051,6
C15052,4
C15054,2
C15055,6
C15056,2
C15057,2
C15058,2
C15059,4
C15060,6
C15061,2
C15062,1
C15063,6
C15064,2
C15065,6
C15067,6
C15068,6
C15069,6
C15070,6
C15071,6
C15073,0
C15074,6
C15075,6
C15076,2
C15077,6
C15078,4
C15079,4
C15080,4
C15081,6
C15082,6
C15083,6
C15084,0
C15085,6
C15086,6
C15087,0
C15088,6
C15089,1
C15090,2
C15091,4
C15092,6
C15093,6
C15094,6
C15095,6
C15096,6
C15097,2
C15098,2
C15099,0
C15100,6
C15101,0
C15102,6
C15103,1
C15104,1
C15105,0
C15106,1
C15107,6
C15108,6
C15109,2
C15110,6
C15111,0
C15112,6
C15113,6
C15114,2
C15115,6
C15116,0
C15117,6
C15118,2
C15121,2
C15122,5
C15123,2
C15124,2
C15125,1
C15126,4
C15127,6
C15128,6
C15129,6
C15130,6
C15131,2
C15132,0
C15133,2
C15134,2
C15135,6
C15136,0
C15137,6
C15138,2
C15139,2
C15140,6
C15141,2
C15142,2
C15143,6
C15144,6
C15145,0
C15146,3
C15147,6
C15148,6
C15149,1
C15150,1
C15151,2
C15152,6
C15153,6
C15154,2
C15155,2
C15156,6
C15157,2
C15158,6
C15159,5
C15160,6
C15161,1
C15162,4
C15163,2
C15164,0
C15165,6
C15166,6
C15167,2
C15168,2
C15169,2
C15170,6
C15171,6
C15172,6
C15173,0
C15174,6
C15175,4
C15177,6
C15178,6
C15179,1
C15180,0
C15181,1
C15182,6
C15183,6
C15184,2
C15185,6
C15186,2
C15187,6
C15188,2
C15189,6
C15190,5
C15191,1
C15192,2
C15193,1
C15194,0
C15195,4
C15196,5
C15197,4
C15198,2
C15199,6
C15200,1
C15201,0
C15202,6
C15203,0
C15204,6
C15206,2
C15207,1
C15208,1
C15209,6
C15210,4
C15211,0
C15212,0
C15213,2
C15214,6
C15215,6
C15216,6
C15217,2
C15218,2
C15219,1
C15220,1
C15221,1
C15222,3
C15223,2
C15224,1
C15225,6
C15226,0
C15227,6
C15228,6
C15229,5
C15230,2
C15232,2
C15233,2
C15234,6
C15235,1
C15236,6
C15237,1
C15239,2
C15240,2
C15241,6
C15242,6
C15243,2
C15244,6
C15245,6
C15246,0
C15247,6
C15248,6
C15249,6
C15250,2
C15251,6
C15252,6
C15253,2
C15254,6
C15255,1
C15256,2
C15257,6
C15258,6
C15259,6
C15260,6
C15261,0
C15262,6
C15263,2
C15264,6
C15265,2
C15266,6
C15267,6
C15268,6
C15269,6
C15270,6
C15271,6
C15272,2
C15273,1
C15274,2
C15275,6
C15276,6
C15277,0
C15278,1
C15279,0
C15280,2
C15281,1
C15282,2
C15283,6
C15284,0
C15285,0
C15286,6
C15287,2
C15288,1
C15289,6
C15290,6
C15291,6
C15292,6
C15293,2
C15294,4
C15295,6
C15296,6
C15297,6
C15298,5
C15299,0
C15300,6
C15301,5
C15302,4
C15303,4
C15304,1
C15305,2
C15306,6
C15307,6
C15308,6
C15309,1
C15310,2
C15311,4
C15312,2
C15313,2
C15314,6
C15315,4
C15316,0
C15317,6
C15318,6
C15319,4
C15320,1
C15321,2
C15322,2
C15323,0
C15324,6
C15325,6
C15326,6
C15327,4
C15328,2
C15329,6
C15330,6
C15331,6
C15332,1
C15333,6
C15334,1
C15335,1
C15336,6
C15337,4
C15338,6
C15339,2
C15341,6
C15342,2
C15343,2
C15344,0
C15345,1
C15346,1
C15347,6
C15348,4
C15349,4
C15350,6
C15351,6
C15352,1
C15353,2
C15354,2
C15355,6
C15356,4
C15357,6
C15358,5
C15359,6
C15360,0
C15361,6
C15362,6
C15364,2
C15365,1
C15366,6
C15367,4
C15368,2
C15369,2
C15370,6
C15371,6
C15372,0
C15373,2
C15374,6
C15375,4
C15376,2
C15377,6
C15378,2
C15379,6
C15380,2
C15381,6
C15382,6
C15383,1
C15384,6
C15385,2
C15386,2
C15387,2
C15388,6
C15389,6
C15390,0
C15391,4
C15392,6
C15393,4
C15394,6
C15395,6
C15396,1
C15397,1
C15398,1
C15399,6
C15400,4
C15401,6
C15402,0
C15403,1
C15404,6
C15405,2
C15406,6
C15407,5
C15408,4
C15409,2
C15410,2
C15411,1
C15412,6
C15413,6
C15414,1
C15415,2
C15417,6
C15418,6
C15419,0
C15420,4
C15421,2
C15422,6
C15423,1
C15424,2
C15425,6
C15426,4
C15427,1
C15428,2
C15429,0
C15430,0
C15431,6
C15432,6
C15433,6
C15435,1
C15436,0
C15437,2
C15438,6
C15439,2
C15440,4
C15441,6
C15442,6
C15443,1
C15444,0
C15445,0
C15446,6
C15448,3
C15449,2
C15450,4
C15451,6
C15452,1
C15453,1
C15454,2
C15455,1
C15456,1
C15457,6
C15459,2
C15460,1
C15461,1
C15462,0
C15463,0
C15464,6
C15465,6
C15466,6
C15467,6
C15469,6
C15470,2
C15471,0
C15472,6
C15473,6
C15474,1
C15475,6
C15476,6
C15477,2
C15478,6
C15479,1
C15480,4
C15481,1
C15482,6
C15483,2
C15484,6
C15485,6
C15486,2
C15487,6
C15488,2
C15489,1
C15490,2
C15491,6
C15492,2
C15493,0
C15494,2
C15495,2
C15496,4
C15497,0
C15498,6
C15499,1
C15500,2
C15501,0
C15502,2
C15503,2
C15504,6
C15505,6
C15506,2
C15507,2
C15508,0
C15509,2
C15510,5
C15511,2
C15512,0
C15513,2
C15514,6
C15515,0
C15516,2
C15517,1
C15519,0
C15520,2
C15521,6
C15522,6
C15523,0
C15524,6
C15525,6
C15526,6
C15527,0
C15528,1
C15529,6
C15530,2
C15531,1
C15532,6
C15533,6
C15534,6
C15535,6
C15536,6
C15537,6
C15538,0
C15539,6
C15540,0
C15541,2
C15542,0
C15543,1
C15544,6
C15545,1
C15546,2
C15547,6
C15548,0
C15549,6
C15550,2
C15551,6
C15552,6
C15553,5
C15554,2
C15555,6
C15556,1
C15557,2
C15558,6
C15559,6
C15560,2
C15561,0
C15562,2
C15563,0
C15564,6
C15565,6
C15566,4
C15567,6
C15568,6
C15569,1
C15570,6
C15571,2
C15572,2
C15573,1
C15574,5
C15575,0
C15576,0
C15577,2
C15578,1
C15579,2
C15580,2
C15581,1
C15582,6
C15583,1
C15584,2
C15585,2
C15586,6
C15587,6
C15588,4
C15589,6
C15590,6
C15591,2
C15592,6
C15593,0
C15594,1
C15595,6
C15596,6
C15597,2
C15598,0
C15599,0
C15600,1
C15601,6
C15602,6
C15603,2
C15604,6
C15605,6
C15606,2
C15607,2
C15608,2
C15609,2
C15610,6
C15611,6
C15612,1
C15613,2
C15614,6
C15615,2
C15616,6
C15617,6
C15618,2
C15619,4
C15620,6
C15621,6
C15622,6
C15623,6
C15624,2
C15625,5
C15626,6
C15627,2
C15628,5
C15629,2
C15630,6
C15631,2
C15632,2
C15633,6
C15634,6
C15636,6
C15637,6
C15638,6
C15639,4
C15640,0
C15641,1
C15642,0
C15643,6
C15644,2
C15645,2
C15646,2
C15647,6
C15648,6
C15649,5
C15650,2
C15651,0
C15652,6
C15653,0
C15654,1
C15655,1
C15656,6
C15657,6
C15658,0
C15659,6
C15660,2
C15661,6
C15662,6
C15663,1
C15664,6
C15666,6
C15667,2
C15668,2
C15669,2
C15670,2
C15671,1
C15672,6
C15673,6
C15674,6
C15675,4
C15676,2
C15677,0
C15678,4
C15680,2
C15681,2
C15682,6
C15683,2
C15684,6
C15685,6
C15686,6
C15687,2
C15688,6
C15689,1
C15690,6
C15691,4
C15692,6
C15693,6
C15694,4
C15695,2
C15696,2
C15697,1
C15698,2
C15699,0
C15700,5
C15701,0
C15702,6
C15703,2
C15704,0
C15705,2
C15706,6
C15707,1
C15708,6
C15709,6
C15710,1
C15711,2
C15712,4
C15713,0
C15714,1
C15715,2
C15716,2
C15717,6
C15718,6
C15719,2
C15720,2
C15721,6
C15722,0
C15723,2
C15724,0
C15725,0
C15726,1
C15727,4
C15728,0
C15729,2
C15730,6
C15731,5
C15732,6
C15733,2
C15734,1
C15735,2
C15736,0
C15737,0
C15738,1
C15739,1
C15740,2
C15741,0
C15742,2
C15743,0
C15744,6
C15745,2
C15746,6
C15747,6
C15748,6
C15749,6
C15750,6
C15751,6
C15752,6
C15753,1
C15754,6
C15755,2
C15756,6
C15757,6
C15758,6
C15759,1
C15760,6
C15761,6
C15762,2
C15763,0
C15764,2
C15765,6
C15766,0
C15767,6
C15768,6
C15769,6
C15770,5
C15771,2
C15773,6
C15774,6
C15775,6
C15776,6
C15777,2
C15778,1
C15779,0
C15780,6
C15781,1
C15782,6
C15783,2
C15784,1
C15785,6
C15786,2
C15787,6
C15789,6
C15790,6
C15791,6
C15792,2
C15793,4
C15794,6
C15795,1
C15796,6
C15797,6
C15798,6
C15799,6
C15800,6
C15801,6
C15802,6
C15803,2
C15804,0
C15805,6
C15806,6
C15807,0
C15808,4
C15809,2
C15810,1
C15811,6
C15812,2
C15813,6
C15814,1
C15815,3
C15816,6
C15817,6
C15818,2
C15819,4
C15820,0
C15821,6
C15822,1
C15823,3
C15824,2
C15825,0
C15826,4
C15827,6
C15828,1
C15829,6
C15830,2
C15831,5
C15832,2
C15833,6
C15834,4
C15835,6
C15836,2
C15837,1
C15838,6
C15839,6
C15840,6
C15841,1
C15842,6
C15843,4
C15844,6
C15845,1
C15846,6
C15847,1
C15848,6
C15849,6
C15850,6
C15851,6
C15852,1
C15853,2
C15854,6
C15856,1
C15857,2
C15858,1
C15859,6
C15860,6
C15861,6
C15862,6
C15863,0
C15864,6
C15865,1
C15866,1
C15867,1
C15868,6
C15869,6
C15870,0
C15871,4
C15872,2
C15873,6
C15874,6
C15875,3
C15876,6
C15877,2
C15878,2
C15879,6
C15880,0
C15881,6
C15882,6
C15883,2
C15885,6
C15886,6
C15887,6
C15888,2
C15889,1
C15890,2
C15891,6
C15892,1
C15893,0
C15894,2
C15895,6
C15896,0
C15897,0
C15898,2
C15899,6
C15900,0
C15901,3
C15902,2
C15903,6
C15904,1
C15905,6
C15906,6
C15907,2
C15908,6
C15909,6
C15910,2
C15912,2
C15913,4
C15914,6
C15915,0
C15916,2
C15917,6
C15918,1
C15919,6
C15920,6
C15921,6
C15922,6
C15923,2
C15924,2
C15925,6
C15926,6
C15927,1
C15928,6
C15929,6
C15930,6
C15931,2
C15932,5
C15933,0
C15934,6
C15935,2
C15936,6
C15937,2
C15938,6
C15939,2
C15940,0
C15941,0
C15943,2
C15944,6
C15945,1
C15946,6
C15947,6
C15948,2
C15949,2
C15950,2
C15951,0
C15952,6
C15953,6
C15954,6
C15955,6
C15956,2
C15957,2
C15958,0
C15959,6
C15960,2
C15961,6
C15962,6
C15963,6
C15965,6
C15966,6
C15967,1
C15968,2
C15969,2
C15970,2
C15971,6
C15972,1
C15973,6
C15974,6
C15975,2
C15976,6
C15977,6
C15978,2
C15979,1
C15980,0
C15981,6
C15982,2
C15983,1
C15984,2
C15985,6
C15986,0
C15987,2
C15988,6
C15989,1
C15990,6
C15991,4
C15992,6
C15993,3
C15994,2
C15995,2
C15996,6
C15997,2
C15998,3
C15999,2
C16000,6
C16001,6
C16002,2
C16003,0
C16004,2
C16005,0
C16007,4
C16008,2
C16009,6
C16010,6
C16011,1
C16012,6
C16013,4
C16014,0
C16015,6
C16016,1
C16017,6
C16018,2
C16019,1
C16020,0
C16021,4
C16022,2
C16023,6
C16024,5
C16025,2
C16026,2
C16028,6
C16029,6
C16030,4
C16031,2
C16032,6
C16033,6
C16034,2
C16035,6
C16036,4
C16037,1
C16038,1
C16039,6
C16040,2
C16041,6
C16042,4
C16043,6
C16045,2
C16046,0
C16047,2
C16048,1
C16049,2
C16050,6
C16051,6
C16052,1
C16053,0
C16054,6
C16055,6
C16056,2
C16057,6
C16058,2
C16059,0
C16060,2
C16061,6
C16062,6
C16063,2
C16064,4
C16065,6
C16066,6
C16067,4
C16068,6
C16069,0
C16070,4
C16071,4
C16072,4
C16073,1
C16074,2
C16075,4
C16076,6
C16077,6
C16078,6
C16079,0
C16080,4
C16081,6
C16082,6
C16083,6
C16084,6
C16085,0
C16086,6
C16087,6
C16088,1
C16089,6
C16090,6
C16091,2
C16092,6
C16093,2
C16094,6
C16095,2
C16096,1
C16097,4
C16098,2
C16099,6
C16100,4
C16101,2
C16102,5
C16103,1
C16104,6
C16105,6
C16106,2
C16107,2
C16108,0
C16109,6
C16110,2
C16111,2
C16112,6
C16113,6
C16114,0
C16115,2
C16116,6
C16117,2
C16118,0
C16119,4
C16120,6
C16121,2
C16122,4
C16123,2
C16124,6
C16125,2
C16126,2
C16127,2
C16128,1
C16129,2
C16130,2
C16131,1
C16132,6
C16133,2
C16134,3
C16135,6
C16136,0
C16137,6
C16138,5
C16139,6
C16140,6
C16141,2
C16142,1
C16143,6
C16144,1
C16145,6
C16146,6
C16147,2
C16148,0
C16149,6
C16150,6
C16151,6
C16153,2
C16154,6
C16155,0
C16157,0
C16158,0
C16159,6
C16160,6
C16161,6
C16162,6
C16163,6
C16164,6
C16165,2
C16166,6
C16167,0
C16168,1
C16169,6
C16171,1
C16172,6
C16173,6
C16174,6
C16175,6
C16176,1
C16177,6
C16178,2
C16179,6
C16180,6
C16181,2
C16182,4
C16184,6
C16185,6
C16186,6
C16187,6
C16188,4
C16189,2
C16190,6
C16191,2
C16192,4
C16193,6
C16194,6
C16195,2
C16196,2
C16197,1
C16198,5
C16199,6
C16200,2
C16201,6
C16202,2
C16203,2
C16204,4
C16205,2
C16206,2
C16207,6
C16208,1
C16209,6
C16210,2
C16212,1
C16213,1
C16214,2
C16215,6
C16216,6
C16217,0
C16218,6
C16219,2
C16220,2
C16221,2
C16222,6
C16223,6
C16224,6
C16225,6
C16226,2
C16227,6
C16228,2
C16229,2
C16230,6
C16231,2
C16232,6
C16233,4
C16234,1
C16235,6
C16236,2
C16237,6
C16238,0
C16239,2
C16240,2
C16241,6
C16242,6
C16243,2
C16244,4
C16245,0
C16246,6
C16247,2
C16248,1
C16249,0
C16250,4
C16251,2
C16252,2
C16253,6
C16254,6
C16255,2
C16256,6
C16257,2
C16258,6
C16259,6
C16260,6
C16261,2
C16262,1
C16263,4
C16264,2
C16265,2
C16266,1
C16267,2
C16268,2
C16269,2
C16270,2
C16271,2
C16272,4
C16273,0
C16274,2
C16275,6
C16276,2
C16277,0
C16278,6
C16279,1
C16280,2
C16281,6
C16282,6
C16283,4
C16284,2
C16285,2
C16286,6
C16287,6
C16288,6
C16289,6
C16290,4
C16291,0
C16292,2
C16293,6
C16294,6
C16295,6
C16296,6
C16297,0
C16298,2
C16299,2
C16300,6
C16301,6
C16302,1
C16303,0
C16304,2
C16305,2
C16306,6
C16307,1
C16308,6
C16309,0
C16310,4
C16311,6
C16312,2
C16313,3
C16314,6
C16315,4
C16316,2
C16317,0
C16318,2
C16319,1
C16320,1
C16321,1
C16322,2
C16323,6
C16324,2
C16325,6
C16326,2
C16327,2
C16328,2
C16329,0
C16330,6
C16331,2
C16332,0
C16333,6
C16334,6
C16335,6
C16336,0
C16337,0
C16338,6
C16339,4
C16340,6
C16341,2
C16342,1
C16343,0
C16345,2
C16346,2
C16347,6
C16348,2
C16349,6
C16350,6
C16351,6
C16352,6
C16353,0
C16354,2
C16355,2
C16356,2
C16357,2
C16358,2
C16359,6
C16360,6
C16361,6
C16362,2
C16363,2
C16364,6
C16365,2
C16366,6
C16367,6
C16369,6
C16370,6
C16371,2
C16372,2
C16373,6
C16374,6
C16375,4
C16376,6
C16377,2
C16378,6
C16379,2
C16380,6
C16381,4
C16382,6
C16383,2
C16384,6
C16385,6
C16386,2
C16387,6
C16388,6
C16389,1
C16390,6
C16391,2
C16392,2
C16393,4
C16394,6
C16395,2
C16396,0
C16397,6
C16398,1
C16399,6
C16400,6
C16401,0
C16402,6
C16403,1
C16404,4
C16405,6
C16406,1
C16407,6
C16408,6
C16409,4
C16410,6
C16411,2
C16412,2
C16414,6
C16415,6
C16416,2
C16417,6
C16418,0
C16419,6
C16421,6
C16422,0
C16423,2
C16424,1
C16425,6
C16426,6
C16427,6
C16428,2
C16429,1
C16430,0
C16431,2
C16432,4
C16433,0
C16434,0
C16435,6
C16436,6
C16437,6
C16438,2
C16439,2
C16440,6
C16441,6
C16442,1
C16443,1
C16444,6
C16445,6
C16446,2
C16447,4
C16448,5
C16449,4
C16450,2
C16451,2
C16452,6
C16453,6
C16454,2
C16455,2
C16456,1
C16457,0
C16458,1
C16459,1
C16460,6
C16461,6
C16462,1
C16463,0
C16464,2
C16465,2
C16466,4
C16467,2
C16468,0
C16469,0
C16470,6
C16471,2
C16472,1
C16473,2
C16474,1
C16475,6
C16476,6
C16477,1
C16478,2
C16479,2
C16480,2
C16481,2
C16482,6
C16483,6
C16484,6
C16485,6
C16486,2
C16487,6
C16488,6
C16489,6
C16490,2
C16491,2
C16492,2
C16493,0
C16494,2
C16495,2
C16496,6
C16497,6
C16498,2
C16499,0
C16500,2
C16501,0
C16502,4
C16503,6
C16504,2
C16505,6
C16506,2
C16507,1
C16508,6
C16509,5
C16510,6
C16511,2
C16512,6
C16513,6
C16514,6
C16515,6
C16516,0
C16517,2
C16518,6
C16519,0
C16520,2
C16521,0
C16522,2
C16523,6
C16524,2
C16525,6
C16526,6
C16527,1
C16528,2
C16529,6
C16530,4
C16531,6
C16532,6
C16533,2
C16534,6
C16535,6
C16536,6
C16537,1
C16538,6
C16539,6
C16540,4
C16541,6
C16542,6
C16543,2
C16544,2
C16545,4
C16546,0
C16547,2
C16548,6
C16549,2
C16550,2
C16551,6
C16552,6
C16553,6
C16554,6
C16555,2
C16556,2
C16557,2
C16558,2
C16559,6
C16560,6
C16561,6
C16562,6
C16563,2
C16564,1
C16565,5
C16566,6
C16567,2
C16568,0
C16569,6
C16570,1
C16571,6
C16572,6
C16573,6
C16574,6
C16575,2
C16576,6
C16577,6
C16578,2
C16579,4
C16580,6
C16581,0
C16583,2
C16584,0
C16585,6
C16586,1
C16587,6
C16588,4
C16589,6
C16590,6
C16591,2
C16592,6
C16593,0
C16594,6
C16595,0
C16596,2
C16597,6
C16598,6
C16599,2
C16600,2
C16601,6
C16602,1
C16603,6
C16604,5
C16605,2
C16606,6
C16607,2
C16608,4
C16609,0
C16610,4
C16611,1
C16612,4
C16613,6
C16614,2
C16615,6
C16616,2
C16617,1
C16618,6
C16619,5
C16620,2
C16621,0
C16622,1
C16623,1
C16625,2
C16626,6
C16627,2
C16628,0
C16629,6
C16630,2
C16631,4
C16632,0
C16633,4
C16634,6
C16635,2
C16636,5
C16637,2
C16638,6
C16639,6
C16640,6
C16641,6
C16642,6
C16643,2
C16644,2
C16645,6
C16646,6
C16647,2
C16648,6
C16650,6
C16651,6
C16652,0
C16653,6
C16654,2
C16655,6
C16656,6
C16657,0
C16658,2
C16659,6
C16660,2
C16661,2
C16662,2
C16663,0
C16664,6
C16665,1
C16666,0
C16667,2
C16668,2
C16669,6
C16670,6
C16671,1
C16672,6
C16673,1
C16674,1
C16675,6
C16676,4
C16677,2
C16678,2
C16679,4
C16680,6
C16681,2
C16682,6
C16683,2
C16684,6
C16685,2
C16686,2
C16687,6
C16688,4
C16689,2
C16690,5
C16691,6
C16692,6
C16693,6
C16694,2
C16695,4
C16697,4
C16698,2
C16699,2
C16700,0
C16701,6
C16702,2
C16703,1
C16704,6
C16705,6
C16706,1
C16707,2
C16708,2
C16709,4
C16710,6
C16711,6
C16712,2
C16713,6
C16714,4
C16715,2
C16716,6
C16717,0
C16718,2
C16719,6
C16720,2
C16721,6
C16722,4
C16723,6
C16724,6
C16725,6
C16726,2
C16727,6
C16728,6
C16729,0
C16730,6
C16731,6
C16732,2
C16733,1
C16734,2
C16735,1
C16736,4
C16737,6
C16738,1
C16739,2
C16740,6
C16741,6
C16742,2
C16743,0
C16744,6
C16745,0
C16746,6
C16747,0
C16748,1
C16749,2
C16750,6
C16751,4
C16752,6
C16753,1
C16755,1
C16757,3
C16758,1
C16759,1
C16760,6
C16761,6
C16762,2
C16763,6
C16764,1
C16765,6
C16766,1
C16767,0
C16768,2
C16769,1
C16770,6
C16771,4
C16772,6
C16773,1
C16774,6
C16775,6
C16776,6
C16777,6
C16778,6
C16779,0
C16780,6
C16781,2
C16782,6
C16784,2
C16785,2
C16786,6
C16787,6
C16789,6
C16790,6
C16791,2
C16792,2
C16793,2
C16794,2
C16795,4
C16796,2
C16797,6
C16798,6
C16799,2
C16800,4
C16801,2
C16802,6
C16803,6
C16804,6
C16805,0
C16806,3
C16807,2
C16808,1
C16809,2
C16810,2
C16811,6
C16812,5
C16813,1
C16814,6
C16815,1
C16816,1
C16817,2
C16818,3
C16819,2
C16820,6
C16821,2
C16822,6
C16823,5
C16824,6
C16825,4
C16826,6
C16827,6
C16828,6
C16829,6
C16831,2
C16832,2
C16833,6
C16834,2
C16835,2
C16836,6
C16837,0
C16838,4
C16839,6
C16840,2
C16841,6
C16842,6
C16843,6
C16844,2
C16845,2
C16847,4
C16849,4
C16850,1
C16851,6
C16852,2
C16854,6
C16855,6
C16856,6
C16857,2
C16858,6
C16859,6
C16860,1
C16861,6
C16862,6
C16863,4
C16864,6
C16865,2
C16866,0
C16867,6
C16868,0
C16869,0
C16870,6
C16871,6
C16872,6
C16873,2
C16874,2
C16875,2
C16876,2
C16877,6
C16878,2
C16880,6
C16881,2
C16882,6
C16883,6
C16884,4
C16885,2
C16886,1
C16887,6
C16888,6
C16889,4
C16890,0
C16891,6
C16892,2
C16893,6
C16894,1
C16895,0
C16896,2
C16897,2
C16898,6
C16899,6
C16900,6
C16901,2
C16902,4
C16903,1
C16904,0
C16905,1
C16906,0
C16907,6
C16908,6
C16909,6
C16910,2
C16911,6
C16912,1
C16913,4
C16914,0
C16915,6
C16916,2
C16917,6
C16918,2
C16919,6
C16920,2
C16921,2
C16922,6
C16923,1
C16924,6
C16925,2
C16926,6
C16927,6
C16928,4
C16929,6
C16930,0
C16931,6
C16932,2
C16933,1
C16934,2
C16935,5
C16936,6
C16937,2
C16938,2
C16939,2
C16940,2
C16941,1
C16942,6
C16943,2
C16944,2
C16945,1
C16946,0
C16947,4
C16948,6
C16949,6
C16950,6
C16951,1
C16952,2
C16953,6
C16954,6
C16955,6
C16956,6
C16957,2
C16958,6
C16959,6
C16960,4
C16961,6
C16962,6
C16963,6
C16964,6
C16965,2
C16966,2
C16967,2
C16968,6
C16969,2
C16970,2
C16971,6
C16972,2
C16973,4
C16974,4
C16975,6
C16976,5
C16977,4
C16978,6
C16979,2
C16980,6
C16981,4
C16982,6
C16983,1
C16984,6
C16985,2
C16986,2
C16987,2
C16988,6
C16989,1
C16990,6
C16991,6
C16992,2
C16993,2
C16994,0
C16995,2
C16996,6
C16997,2
C16998,6
C16999,6
C17000,6
C17001,6
C17002,4
C17003,6
C17004,6
C17005,6
C17006,1
C17007,6
C17008,1
C17009,2
C17010,0
C17011,6
C17012,6
C17013,2
C17014,0
C17015,2
C17016,1
C17017,0
C17018,2
C17019,2
C17020,6
C17021,2
C17022,6
C17023,2
C17024,1
C17025,2
C17026,0
C17027,6
C17028,6
C17029,4
C17030,4
C17031,4
C17032,6
C17033,1
C17034,1
C17035,2
C17036,6
C17037,6
C17038,1
C17039,0
C17040,1
C17041,6
C17042,6
C17043,6
C17044,1
C17045,5
C17046,0
C17047,6
C17048,1
C17049,2
C17050,6
C17051,0
C17052,0
C17053,2
C17054,6
C17055,4
C17056,6
C17057,2
C17058,6
C17059,2
C17060,6
C17062,4
C17063,6
C17064,2
C17065,6
C17066,6
C17067,6
C17068,2
C17069,6
C17070,6
C17071,6
C17072,0
C17073,0
C17074,2
C17075,6
C17076,2
C17077,2
C17078,0
C17079,1
C17080,6
C17081,4
C17082,2
C17083,1
C17084,2
C17085,2
C17086,2
C17087,6
C17088,6
C17089,0
C17090,6
C17091,2
C17092,2
C17093,1
C17094,0
C17095,2
C17096,6
C17097,6
C17098,0
C17099,6
C17100,2
C17101,6
C17102,2
C17103,6
C17104,6
C17105,2
C17106,6
C17107,1
C17108,6
C17109,6
C17110,2
C17111,2
C17112,6
C17113,2
C17114,2
C17115,0
C17116,6
C17117,2
C17118,2
C17119,6
C17120,6
C17121,6
C17122,2
C17123,6
C17124,2
C17125,4
C17126,2
C17127,4
C17128,6
C17129,4
C17130,6
C17131,6
C17132,0
C17133,2
C17134,6
C17135,6
C17136,6
C17137,1
C17138,0
C17139,2
C17140,0
C17141,1
C17142,6
C17143,2
C17144,6
C17145,0
C17146,2
C17147,6
C17148,6
C17149,6
C17150,1
C17151,6
C17152,6
C17153,6
C17154,6
C17156,6
C17157,1
C17158,4
C17159,0
C17160,2
C17161,6
C17162,2
C17163,6
C17164,4
C17165,2
C17166,6
C17167,1
C17168,2
C17169,6
C17170,1
C17172,6
C17173,1
C17174,2
C17175,1
C17176,6
C17177,4
C17178,2
C17179,2
C17180,6
C17181,2
C17182,4
C17183,2
C17184,6
C17185,6
C17186,6
C17187,6
C17188,4
C17189,2
C17190,1
C17191,2
C17192,6
C17193,6
C17194,6
C17195,2
C17196,6
C17197,6
C17198,6
C17199,2
C17200,1
C17201,6
C17202,0
C17203,6
C17204,2
C17205,1
C17206,6
C17207,2
C17208,1
C17209,2
C17210,2
C17211,6
C17212,6
C17213,1
C17214,6
C17215,6
C17216,1
C17217,6
C17218,0
C17219,2
C17220,1
C17221,2
C17222,2
C17223,2
C17224,6
C17225,6
C17226,2
C17227,6
C17228,1
C17229,1
C17230,2
C17231,0
C17232,6
C17233,4
C17234,4
C17235,4
C17236,6
C17237,5
C17239,2
C17240,2
C17241,2
C17242,0
C17243,1
C17244,6
C17245,6
C17246,6
C17247,4
C17248,6
C17249,6
C17250,1
C17251,6
C17252,2
C17253,6
C17254,2
C17255,6
C17256,4
C17257,6
C17258,1
C17259,1
C17260,2
C17261,6
C17262,6
C17263,2
C17264,1
C17265,6
C17266,6
C17267,6
C17268,6
C17269,6
C17270,2
C17271,1
C17272,0
C17273,2
C17274,2
C17275,6
C17276,2
C17277,2
C17278,6
C17279,1
C17280,6
C17281,1
C17282,6
C17283,6
C17284,2
C17285,6
C17286,2
C17287,4
C17288,6
C17289,4
C17290,1
C17291,6
C17292,2
C17293,1
C17294,4
C17295,6
C17296,6
C17297,6
C17298,2
C17299,6
C17300,6
C17302,6
C17303,6
C17304,2
C17305,6
C17306,2
C17307,1
C17308,2
C17309,6
C17310,2
C17311,2
C17312,6
C17313,1
C17314,1
C17315,5
C17316,6
C17317,1
C17318,4
C17319,2
C17320,2
C17321,1
C17322,6
C17323,6
C17324,6
C17325,3
C17326,0
C17327,2
C17328,6
C17329,1
C17330,1
C17331,2
C17332,6
C17334,6
C17335,2
C17336,6
C17337,2
C17338,6
C17339,2
C17340,6
C17341,6
C17342,2
C17343,2
C17344,2
C17345,2
C17346,2
C17347,6
C17348,2
C17349,6
C17350,0
C17351,0
C17352,6
C17353,1
C17354,6
C17355,6
C17356,2
C17357,6
C17358,6
C17359,6
C17360,6
C17361,4
C17362,6
C17363,6
C17364,6
C17365,6
C17366,6
C17367,6
C17368,6
C17369,2
C17370,2
C17371,2
C17372,0
C17373,6
C17374,6
C17376,6
C17377,0
C17378,6
C17379,1
C17380,6
C17381,6
C17382,2
C17383,2
C17384,6
C17385,2
C17386,1
C17387,6
C17388,0
C17389,6
C17390,0
C17391,2
C17392,1
C17393,0
C17394,0
C17395,0
C17396,1
C17397,0
C17398,6
C17399,6
C17400,6
C17401,1
C17402,6
C17403,2
C17404,2
C17405,6
C17406,6
C17407,0
C17408,6
C17409,6
C17410,6
C17411,6
C17412,6
C17413,6
C17414,0
C17415,2
C17416,6
C17417,0
C17418,2
C17419,2
C17420,6
C17421,2
C17422,6
C17423,6
C17424,2
C17425,2
C17426,0
C17427,2
C17428,6
C17429,0
C17430,4
C17431,4
C17432,6
C17433,4
C17434,0
C17435,6
C17436,6
C17437,1
C17438,6
C17439,2
C17440,0
C17441,2
C17442,6
C17443,1
C17444,6
C17445,6
C17446,6
C17448,2
C17449,1
C17450,0
C17451,6
C17452,6
C17453,6
C17454,6
C17455,2
C17456,6
C17457,6
C17458,1
C17459,1
C17460,6
C17461,2
C17462,6
C17463,6
C17464,1
C17465,1
C17466,2
C17467,2
C17468,6
C17469,4
C17470,6
C17471,1
C17472,0
C17473,5
C17474,4
C17476,0
C17477,6
C17478,2
C17479,2
C17480,6
C17481,1
C17482,6
C17483,2
C17484,6
C17485,6
C17486,2
C17487,4
C17488,6
C17489,6
C17490,6
C17491,1
C17492,4
C17493,6
C17494,0
C17495,2
C17496,6
C17497,6
C17498,2
C17499,4
C17500,0
C17501,6
C17502,6
C17503,2
C17504,6
C17505,2
C17506,2
C17507,1
C17508,2
C17509,2
C17510,6
C17511,4
C17512,6
C17513,2
C17514,4
C17515,6
C17516,2
C17517,2
C17518,2
C17519,1
C17521,6
C17522,6
C17523,2
C17524,6
C17525,6
C17526,1
C17527,6
C17528,2
C17529,1
C17530,6
C17531,0
C17532,2
C17533,6
C17534,2
C17535,2
C17536,4
C17538,6
C17539,2
C17540,1
C17541,2
C17542,6
C17543,4
C17544,2
C17545,2
C17546,1
C17547,2
C17548,3
C17549,2
C17550,4
C17551,2
C17553,2
C17554,1
C17555,2
C17556,2
C17557,2
C17558,6
C17559,6
C17560,6
C17561,2
C17562,1
C17563,6
C17565,6
C17566,2
C17567,2
C17568,0
C17569,2
C17570,2
C17571,2
C17572,1
C17573,2
C17574,1
C17575,6
C17576,0
C17577,2
C17578,2
C17579,5
C17580,6
C17581,6
C17582,4
C17583,2
C17584,6
C17585,0
C17586,2
C17587,6
C17588,2
C17589,2
C17590,6
C17591,6
C17593,6
C17594,6
C17595,6
C17596,6
C17597,6
C17598,0
C17599,6
C17600,6
C17601,1
C17602,6
C17603,6
C17604,6
C17605,6
C17606,4
C17607,6
C17608,6
C17609,6
C17610,1
C17611,1
C17612,6
C17613,1
C17614,3
C17615,4
C17616,6
C17617,4
C17618,2
C17619,1
C17620,6
C17621,2
C17622,6
C17623,6
C17624,2
C17625,1
C17626,6
C17628,6
C17629,6
C17630,0
C17631,0
C17632,2
C17633,6
C17634,2
C17635,0
C17636,2
C17637,4
C17638,6
C17639,2
C17640,4
C17641,1
C17642,6
C17643,6
C17644,6
C17645,6
C17646,0
C17647,1
C17648,6
C17649,2
C17650,2
C17651,6
C17652,6
C17653,6
C17654,6
C17655,6
C17656,6
C17657,6
C17658,1
C17659,6
C17660,6
C17661,2
C17662,6
C17663,6
C17664,4
C17665,1
C17666,6
C17667,6
C17668,6
C17669,2
C17670,0
C17671,6
C17672,6
C17673,2
C17674,6
C17675,6
C17676,1
C17677,0
C17678,6
C17679,6
C17680,2
C17681,6
C17682,1
C17683,6
C17684,1
C17685,6
C17686,0
C17687,1
C17688,1
C17689,6
C17690,0
C17691,4
C17692,4
C17693,2
C17694,2
C17695,2
C17696,6
C17697,2
C17698,6
C17699,6
C17700,2
C17701,2
C17702,6
C17703,6
C17704,6
C17705,6
C17706,0
C17707,2
C17708,2
C17709,2
C17710,2
C17711,1
C17712,6
C17713,2
C17714,2
C17715,2
C17716,5
C17717,1
C17718,1
C17719,1
C17720,2
C17721,6
C17722,6
C17723,6
C17724,2
C17726,2
C17727,2
C17728,1
C17729,6
C17730,2
C17731,1
C17732,6
C17733,2
C17734,2
C17735,6
C17736,1
C17737,6
C17738,6
C17739,2
C17740,2
C17741,6
C17742,0
C17743,6
C17744,6
C17745,6
C17746,6
C17747,6
C17748,2
C17749,6
C17750,6
C17751,1
C17752,4
C17753,2
C17754,0
C17755,2
C17756,6
C17757,5
C17758,2
C17759,6
C17760,2
C17761,6
C17762,6
C17763,6
C17764,4
C17765,2
C17767,6
C17768,2
C17769,2
C17770,2
C17771,6
C17772,2
C17773,2
C17774,2
C17776,2
C17777,2
C17778,6
C17779,6
C17780,6
C17781,1
C17782,2
C17783,2
C17784,6
C17785,2
C17786,2
C17787,2
C17788,4
C17789,6
C17790,6
C17791,6
C17792,2
C17793,1
C17794,6
C17795,0
C17796,4
C17797,6
C17798,4
C17799,6
C17800,2
C17801,1
C17802,0
C17803,2
C17804,2
C17805,4
C17806,6
C17807,6
C17808,1
C17809,6
C17810,1
C17811,6
C17812,2
C17813,1
C17814,6
C17815,1
C17816,2
C17817,2
C17818,6
C17819,1
C17820,6
C17821,2
C17822,6
C17823,6
C17824,6
C17825,4
C17826,0
C17827,0
C17828,6
C17829,6
C17830,6
C17831,1
C17832,6
C17833,2
C17834,2
C17835,2
C17836,1
C17837,6
C17838,1
C17839,6
C17840,6
C17841,6
C17842,1
C17843,6
C17844,1
C17845,6
C17846,6
C17847,6
C17848,6
C17849,6
C17850,2
C17851,0
C17852,2
C17853,1
C17854,6
C17855,0
C17856,6
C17857,2
C17858,6
C17859,1
C17860,2
C17861,1
C17862,6
C17863,2
C17864,4
C17865,2
C17866,2
C17867,2
C17868,1
C17869,6
C17870,6
C17871,2
C17872,6
C17873,4
C17874,0
C17875,6
C17876,4
C17877,6
C17878,0
C17879,6
C17880,6
C17881,6
C17882,2
C17883,6
C17884,2
C17885,6
C17886,1
C17887,4
C17888,6
C17889,6
C17890,6
C17891,0
C17892,6
C17893,1
C17894,0
C17895,2
C17896,6
C17897,4
C17898,2
C17899,2
C17900,1
C17901,6
C17902,6
C17903,2
C17904,1
C17905,6
C17906,2
C17907,6
C17908,6
C17909,6
C17910,2
C17911,4
C17912,2
C17913,2
C17914,6
C17915,6
C17916,6
C17917,2
C17919,6
C17920,4
C17921,6
C17922,1
C17923,1
C17924,6
C17925,2
C17926,6
C17927,2
C17928,2
C17929,4
C17930,0
C17931,6
C17933,2
C17934,6
C17935,1
C17937,4
C17938,2
C17939,1
C17940,6
C17941,0
C17942,1
C17943,6
C17944,1
C17945,2
C17946,6
C17947,6
C17948,2
C17950,6
C17951,6
C17952,1
C17953,6
C17954,2
C17955,6
C17956,6
C17957,6
C17958,6
C17959,6
C17960,6
C17962,4
C17963,1
C17964,4
C17965,6
C17966,6
C17967,6
C17968,6
C17969,1
C17970,2
C17971,6
C17972,2
C17973,1
C17974,6
C17975,0
C17976,2
C17977,2
C17978,6
C17979,2
C17980,6
C17981,2
C17982,0
C17983,4
C17984,6
C17985,4
C17986,6
C17988,6
C17989,6
C17990,2
C17991,6
C17992,2
C17993,1
C17994,6
C17995,6
C17996,2
C17997,0
C17998,2
C17999,6
C18000,6
C18001,6
C18002,6
C18003,6
C18004,2
C18005,2
C18006,1
C18007,2
C18008,1
C18009,1
C18010,6
C18011,6
C18012,2
C18013,1
C18014,6
C18015,4
C18016,2
C18017,6
C18018,4
C18019,2
C18020,0
C18021,4
C18022,1
C18023,6
C18024,6
C18025,2
C18026,6
C18027,6
C18028,5
C18029,2
C18031,2
C18032,1
C18033,1
C18034,6
C18035,2
C18036,6
C18037,6
C18038,1
C18039,6
C18040,2
C18041,6
C18042,1
C18043,4
C18044,2
C18045,1
C18046,6
C18047,2
C18048,6
C18049,6
C18050,3
C18051,0
C18052,6
C18053,2
C18054,6
C18055,6
C18056,2
C18057,1
C18058,6
C18059,6
C18060,2
C18061,6
C18062,6
C18063,1
C18064,6
C18065,2
C18066,6
C18067,6
C18068,1
C18069,6
C18070,6
C18071,6
C18072,4
C18073,6
C18074,0
C18075,6
C18076,0
C18077,2
C18078,1
C18079,6
C18080,6
C18081,2
C18082,6
C18083,0
C18084,2
C18085,6
C18086,2
C18088,6
C18089,6
C18090,2
C18091,2
C18092,6
C18093,3
C18094,2
C18095,4
C18096,2
C18097,6
C18098,2
C18099,6
C18100,2
C18101,6
C18102,2
C18103,1
C18104,2
C18105,6
C18106,1
C18107,2
C18108,6
C18109,2
C18110,1
C18111,6
C18112,2
C18113,2
C18114,2
C18115,4
C18116,6
C18117,6
C18118,0
C18119,2
C18120,4
C18121,2
C18122,6
C18123,6
C18124,2
C18125,5
C18126,1
C18127,4
C18128,2
C18129,1
C18130,1
C18131,2
C18132,6
C18134,6
C18135,6
C18136,2
C18137,6
C18138,1
C18139,0
C18140,6
C18141,2
C18142,6
C18143,6
C18144,1
C18145,2
C18146,6
C18147,2
C18148,2
C18149,6
C18150,1
C18151,6
C18152,2
C18153,6
C18154,4
C18155,6
C18156,2
C18157,2
C18158,2
C18159,1
C18160,6
C18161,6
C18162,6
C18163,2
C18164,6
C18165,1
C18166,4
C18167,6
C18168,6
C18169,1
C18170,2
C18171,6
C18172,6
C18173,6
C18174,6
C18175,6
C18176,2
C18177,0
C18179,0
C18180,4
C18181,1
C18182,6
C18183,6
C18184,1
C18185,1
C18186,6
C18187,6
C18188,1
C18189,6
C18190,6
C18191,1
C18192,2
C18193,2
C18194,6
C18195,6
C18196,2
C18197,2
C18198,6
C18199,6
C18200,2
C18201,4
C18202,1
C18203,4
C18204,2
C18205,2
C18206,6
C18207,4
C18208,2
C18209,6
C18210,6
C18211,0
C18212,6
C18214,6
C18215,2
C18216,0
C18217,6
C18218,4
C18219,6
C18220,2
C18221,1
C18222,1
C18223,2
C18224,6
C18225,3
C18226,6
C18227,1
C18228,6
C18229,6
C18230,6
C18231,6
C18232,2
C18233,1
C18234,2
C18235,4
C18236,4
C18237,6
C18238,4
C18239,2
C18240,2
C18241,2
C18242,6
C18243,3
C18244,2
C18245,4
C18246,6
C18247,6
C18248,6
C18249,6
C18250,1
C18251,6
C18252,4
C18253,6
C18254,6
C18255,6
C18256,2
C18257,1
C18258,6
C18259,1
C18260,6
C18261,2
C18262,2
C18263,4
C18264,2
C18266,6
C18267,6
C18268,2
C18269,3
C18270,6
C18271,6
C18272,2
C18273,0
C18274,2
C18275,2
C18276,1
C18277,1
C18278,6
C18279,1
C18280,2
C18281,4
C18282,6
C18283,2
C18284,2
C18285,6
C18286,2
C18287,4
C18288,6
C18289,2
C18290,6
C18291,1
C18292,2
C18293,6
C18294,6
C18296,6
C18297,2
C18298,2
C18299,2
C18300,4
C18301,6
C18302,6
C18303,4
C18304,6
C18305,6
C18306,6
C18307,6
C18308,0
C18309,2
C18310,6
C18311,2
C18312,6
C18313,1
C18314,2
C18315,2
C18316,4
C18317,2
C18318,2
C18319,4
C18320,4
C18321,4
C18322,2
C18323,2
C18324,2
C18326,2
C18327,1
C18328,1
C18329,6
C18330,2
C18331,6
C18332,2
C18333,6
C18334,1
C18335,1
C18336,1
C18337,2
C18338,2
C18339,6
C18340,0
C18341,6
C18342,6
C18343,2
C18344,2
C18345,2
C18346,1
C18347,0
C18348,2
C18349,1
C18350,2
C18351,6
C18352,6
C18353,6
C18354,6
C18355,2
C18356,1
C18357,4
C18358,4
C18359,4
C18360,6
C18361,2
C18362,6
C18363,6
C18364,2
C18365,6
C18366,2
C18367,6
C18368,0
C18369,6
C18370,0
C18371,4
C18372,2
C18373,6
C18374,4
C18375,2
C18376,6
C18377,6
C18378,4
C18379,1
C18380,6
C18381,2
C18382,6
C18383,6
C18384,6
C18385,6
C18386,2
C18387,6
C18388,4
C18389,6
C18390,6
C18391,2
C18392,1
C18393,6
C18394,1
C18395,2
C18396,2
C18397,2
C18398,6
C18399,2
C18400,0
C18401,2
C18402,0
C18403,2
C18404,6
C18405,2
C18406,2
C18407,6
C18408,4
C18409,1
C18410,6
C18411,6
C18412,2
C18413,6
C18414,6
C18415,4
C18416,2
C18417,6
C18418,6
C18419,2
C18420,6
C18421,1
C18422,2
C18423,6
C18424,6
C18425,2
C18426,6
C18427,6
C18428,0
C18429,2
C18430,6
C18431,6
C18432,4
C18433,1
C18434,2
C18435,2
C18436,6
C18437,0
C18438,6
C18439,6
C18440,6
C18441,1
C18442,4
C18443,0
C18444,1
C18445,6
C18446,6
C18447,0
C18449,6
C18450,4
C18451,6
C18452,6
C18453,6
C18454,6
C18455,4
C18456,6
C18457,2
C18458,0
C18459,6
C18460,2
C18461,4
C18462,4
C18463,6
C18464,4
C18465,6
C18466,1
C18467,2
C18468,1
C18469,2
C18470,6
C18471,6
C18472,3
C18473,1
C18474,2
C18475,6
C18476,1
C18477,1
C18478,6
C18479,0
C18480,2
C18481,6
C18482,1
C18483,2
C18484,1
C18485,4
C18486,0
C18487,6
C18488,6
C18489,4
C18490,6
C18491,2
C18492,2
C18493,2
C18494,1
C18495,2
C18496,4
C18497,6
C18498,6
C18499,6
C18500,2
C18501,4
C18502,4
C18503,6
C18504,0
C18505,4
C18506,2
C18507,2
C18508,0
C18509,6
C18510,1
C18511,4
C18512,1
C18513,2
C18514,6
C18515,1
C18516,2
C18517,0
C18518,6
C18519,6
C18520,2
C18521,1
C18522,6
C18523,4
C18524,2
C18525,6
C18526,6
C18527,6
C18528,4
C18529,0
C18530,0
C18531,2
C18532,4
C18533,1
C18534,1
C18535,4
C18536,0
C18537,4
C18538,6
C18539,4
C18540,6
C18541,6
C18542,6
C18543,4
C18544,4
C18545,4
C18546,1
C18547,1
C18548,6
C18549,6
C18550,6
C18551,4
C18552,1
C18553,6
C18554,6
C18555,1
C18556,2
C18557,4
C18558,1
C18559,6
C18560,1
C18561,6
C18562,2
C18563,6
C18564,6
C18565,6
C18566,1
C18567,6
C18568,6
C18569,1
C18570,2
C18571,0
C18572,6
C18573,2
C18574,6
C18575,4
C18577,2
C18578,2
C18579,1
C18580,2
C18582,4
C18583,6
C18584,1
C18585,2
C18586,1
C18587,6
C18588,0
C18589,4
C18590,1
C18591,6
C18592,1
C18593,6
C18594,6
C18595,2
C18596,2
C18598,6
C18599,2
C18600,6
C18601,4
C18602,1
C18603,2
C18604,2
C18605,2
C18606,2
C18607,2
C18608,6
C18609,1
C18610,6
C18611,4
C18613,1
C18614,2
C18615,1
C18616,0
C18617,2
C18618,6
C18619,1
C18620,2
C18621,2
C18622,6
C18623,6
C18624,2
C18625,6
C18626,6
C18627,6
C18628,6
C18629,6
C18631,1
C18632,2
C18633,4
C18634,6
C18635,6
C18636,0
C18637,6
C18638,6
C18639,1
C18640,1
C18641,2
C18642,1
C18643,2
C18644,6
C18645,6
C18646,2
C18647,6
C18648,0
C18649,6
C18650,6
C18652,6
C18653,6
C18654,1
C18655,4
C18656,1
C18657,4
C18658,6
C18660,6
C18661,6
C18662,6
C18663,6
C18664,0
C18665,2
C18666,0
C18667,2
C18668,4
C18669,6
C18671,6
C18672,2
C18673,4
C18674,6
C18675,2
C18676,4
C18677,6
C18678,6
C18679,6
C18680,6
C18682,2
C18683,0
C18684,2
C18685,2
C18686,2
C18687,4
C18688,6
C18689,4
C18690,2
C18691,6
C18692,1
C18693,4
C18694,6
C18695,1
C18696,2
C18697,6
C18698,6
C18699,2
C18700,2
C18701,6
C18702,6
C18703,6
C18704,6
C18705,1
C18706,6
C18707,6
C18708,6
C18709,4
C18710,6
C18711,1
C18712,1
C18713,4
C18714,6
C18715,1
C18716,1
C18717,6
C18718,2
C18719,1
C18720,6
C18721,6
C18722,2
C18723,1
C18724,6
C18725,2
C18726,1
C18728,6
C18729,1
C18730,6
C18731,6
C18732,6
C18733,4
C18734,6
C18735,4
C18736,6
C18737,4
C18738,2
C18739,6
C18740,1
C18741,1
C18742,1
C18743,6
C18744,2
C18745,2
C18746,4
C18747,6
C18748,2
C18749,6
C18750,6
C18751,1
C18752,6
C18753,2
C18754,6
C18755,1
C18756,6
C18757,2
C18758,2
C18760,6
C18761,0
C18762,1
C18763,6
C18764,6
C18765,2
C18766,1
C18767,4
C18768,6
C18769,1
C18770,2
C18771,6
C18772,6
C18773,5
C18774,6
C18775,1
C18776,6
C18778,0
C18779,4
C18780,1
C18781,2
C18782,0
C18783,6
C18784,6
C18785,1
C18786,2
C18787,4
C18788,1
C18789,4
C18790,1
C18791,1
C18792,6
C18793,6
C18794,6
C18795,4
C18796,1
C18797,6
C18798,6
C18800,6
C18801,4
C18802,6
C18803,4
C18804,2
C18805,2
C18806,2
C18807,4
C18808,6
C18809,6
C18810,1
C18811,6
C18812,6
C18813,4
C18814,6
C18815,4
C18816,0
C18817,6
C18818,0
C18819,6
C18820,6
C18821,1
C18822,4
C18823,4
C18824,2
C18825,6
C18826,6
C18827,6
C18828,6
C18829,6
C18830,4
C18831,6
C18832,6
C18833,6
C18834,1
C18835,2
C18836,6
C18837,2
C18838,1
C18839,1
C18840,2
C18841,6
C18842,1
C18843,4
C18844,6
C18845,1
C18846,1
C18847,2
C18848,2
C18849,6
C18850,6
C18851,2
C18852,2
C18853,6
C18854,1
C18855,6
C18856,6
C18857,6
C18858,2
C18859,6
C18860,0
C18861,2
C18862,1
C18863,2
C18864,2
C18865,2
C18866,1
C18867,4
C18868,6
C18869,6
C18870,1
C18871,6
C18872,1
C18873,6
C18874,2
C18875,6
C18877,6
C18878,1
C18879,2
C18880,6
C18881,6
C18882,4
C18883,6
C18885,4
C18886,2
C18887,4
C18888,2
C18889,6
C18890,1
C18891,6
C18892,6
C18893,2
C18895,6
C18896,4
C18897,6
C18898,1
C18899,2
C18900,4
C18901,2
C18902,6
C18903,2
C18904,2
C18905,6
C18906,4
C18907,6
C18908,6
C18909,4
C18910,1
C18911,1
C18912,6
C18913,6
C18914,2
C18915,4
C18916,6
C18917,6
C18918,1
C18919,2
C18920,1
C18921,0
C18922,6
C18923,6
C18924,1
C18925,3
C18926,5
C18927,6
C18928,6
C18929,4
C18930,2
C18931,6
C18932,4
C18933,1
C18934,6
C18935,2
C18936,6
C18937,4
C18938,4
C18939,1
C18940,4
C18941,2
C18942,0
C18943,2
C18944,1
C18945,6
C18946,6
C18947,6
C18948,2
C18949,1
C18950,4
C18951,1
C18952,4
C18953,2
C18954,1
C18955,4
C18956,6
C18957,2
C18958,2
C18959,6
C18960,6
C18961,3
C18962,2
C18963,2
C18964,4
C18965,2
C18966,6
C18967,6
C18968,2
C18969,4
C18970,6
C18971,6
C18972,2
C18973,4
C18975,5
C18976,6
C18977,6
C18978,6
C18979,1
C18980,2
C18982,6
C18983,4
C18984,4
C18985,6
C18986,2
C18987,4
C18988,1
C18989,2
C18990,2
C18991,1
C18992,2
C18993,2
C18994,6
C18995,1
C18996,4
C18997,4
C18998,6
C18999,2
C19000,2
C19001,2
C19002,6
C19003,2
C19004,4
C19005,2
C19006,1
C19007,2
C19008,1
C19009,1
C19010,6
C19011,1
C19012,1
C19013,6
C19014,1
C19015,2
C19016,4
C19017,4
C19018,4
C19019,6
C19020,1
C19021,6
C19022,1
C19023,6
C19024,6
C19025,2
C19026,1
C19027,1
C19028,6
C19030,6
C19031,6
C19032,4
C19033,1
C19034,1
C19035,0
C19036,4
C19037,4
C19038,2
C19039,4
C19040,1
C19041,1
C19042,6
C19043,2
C19044,0
C19045,4
C19046,1
C19047,6
C19048,2
C19049,1
C19050,1
C19051,4
C19052,6
C19053,0
C19054,1
C19055,4
C19056,4
C19057,4
C19058,4
C19059,4
C19060,4
C19061,4
C19062,2
C19063,1
C19064,2
C19065,1
C19066,1
C19068,1
C19069,4
C19070,4
C19071,4
C19072,4
C19073,4
C19074,4
C19075,4
C19076,4
C19077,1
C19078,4
C19079,4
C19080,4
C19081,4
C19082,4
C19083,4
C19084,4
C19085,4
C19086,4
C19087,4
C19088,2
C19089,4
C19090,4
C19091,1
C19092,4
C19093,4
C19094,4
C19095,4
C19096,4
C19097,2
C19098,0
C19099,4
C19100,4
C19101,4
C19102,4
C19103,4
C19104,4
C19105,4
C19106,4
C19107,4
C19108,4
C19109,4
C19110,4
C19111,1
C19112,4
C19113,4
C19114,4
C19115,4
C19116,4
C19117,4
C19118,4
C19119,4
C19120,4
C19121,4
C19122,4
C19123,4
C19124,4
C19125,4
C19126,4
C19127,4
C19128,4
C19129,4
C19130,4
C19131,4
C19132,4
C19133,4
C19134,4
C19135,4
C19136,4
C19137,4
C19138,4
C19139,4
C19140,4
C19141,4
C19142,4
C19143,4
C19144,4
C19145,4
C19146,4
C19147,4
C19148,4
C19149,4
C19150,4
C19151,4
C19152,4
C19153,4
C19154,4
C19155,4
C19156,4
C19157,4
C19158,4
C19159,4
C19160,4
C19161,4
C19162,4
C19163,4
C19164,4
C19165,4
C19166,4
C19167,4
C19168,4
C19169,4
C19170,4
C19171,4
C19172,4
C19173,4
C19174,4
C19175,4
C19176,4
C19177,4
C19178,4
C19179,4
C19180,4
C19181,4
C19182,0
C19183,4
C19184,4
C19185,4
C19186,4
C19187,4
C19188,4
C19189,4
C19190,4
